wine,BNNDAD,1,32,,1.8151612281799316,0.6758153438568115,0.8252100840336134
wine,BNNDAD,1,64,,0.009584903717041016,0.03535747528076172,0.8134453781512605
wine,BNNDAD,1,128,,1.0316519737243652,0.03722262382507324,0.873109243697479
wine,BNNDAD,5,32,,1.0482988357543945,0.14582037925720215,0.846218487394958
wine,BNNDAD,5,64,,1.058297872543335,0.14436793327331543,0.8529411764705883
wine,BNNDAD,5,128,,1.0666615962982178,0.17253446578979492,0.8705882352941177
wine,BNNDAD,20,32,,1.0657188892364502,0.5601770877838135,0.8596638655462185
wine,BNNDAD,20,64,,0.025438308715820312,0.5766685009002686,0.8705882352941177
wine,BNNDAD,20,128,,0.026615619659423828,0.602607011795044,0.8705882352941177
wine,BNNDAD,50,32,,0.049956560134887695,1.5039710998535156,0.8613445378151261
wine,BNNDAD,50,64,,0.049561262130737305,1.4388856887817383,0.8647058823529411
wine,BNNDAD,50,128,,0.0667107105255127,1.4760894775390625,0.8705882352941177
wine,BNNDAD,100,32,,0.08282470703125,2.842132329940796,0.873109243697479
wine,BNNDAD,100,64,,0.09075617790222168,2.8659677505493164,0.8722689075630252
wine,BNNDAD,100,128,,0.10349607467651367,2.960080623626709,0.8705882352941177
lympho,BNNDAD,1,32,,0.011167526245117188,0.034363508224487305,0.9917840375586855
lympho,BNNDAD,1,64,,0.010908365249633789,0.03361058235168457,0.9154929577464788
lympho,BNNDAD,1,128,,0.01954936981201172,0.02973151206970215,0.9553990610328639
lympho,BNNDAD,5,32,,0.01722097396850586,0.14662647247314453,0.9366197183098592
lympho,BNNDAD,5,64,,0.01798558235168457,0.14826321601867676,0.9483568075117371
lympho,BNNDAD,5,128,,0.021553516387939453,0.15317726135253906,0.9671361502347418
lympho,BNNDAD,20,32,,0.024149179458618164,0.5867505073547363,0.988262910798122
lympho,BNNDAD,20,64,,0.025645017623901367,0.5950925350189209,0.9706572769953052
lympho,BNNDAD,20,128,,0.031149864196777344,0.6117444038391113,0.9894366197183099
lympho,BNNDAD,50,32,,0.05515742301940918,1.4744806289672852,0.9929577464788732
lympho,BNNDAD,50,64,,0.07428336143493652,1.4590370655059814,0.9870892018779344
lympho,BNNDAD,50,128,,0.14430809020996094,1.4235637187957764,0.9859154929577465
lympho,BNNDAD,100,32,,0.08171224594116211,2.755012035369873,0.9917840375586855
lympho,BNNDAD,100,64,,0.09002399444580078,2.9547436237335205,0.9917840375586855
lympho,BNNDAD,100,128,,0.10356760025024414,2.9925732612609863,0.988262910798122
glass,BNNDAD,1,32,,0.013243913650512695,0.029461383819580078,0.74579945799458
glass,BNNDAD,1,64,,0.008639335632324219,0.028770923614501953,0.7252032520325205
glass,BNNDAD,1,128,,0.012389659881591797,0.031147480010986328,0.7355013550135502
glass,BNNDAD,5,32,,0.012285709381103516,0.14828252792358398,0.7197831978319784
glass,BNNDAD,5,64,,0.015072822570800781,0.1459348201751709,0.726829268292683
glass,BNNDAD,5,128,,0.015419721603393555,0.148360013961792,0.7289972899728998
glass,BNNDAD,20,32,,0.026531457901000977,0.5687615871429443,0.7306233062330624
glass,BNNDAD,20,64,,0.025530338287353516,0.5606124401092529,0.7333333333333334
glass,BNNDAD,20,128,,0.024653911590576172,0.5825173854827881,0.7349593495934961
glass,BNNDAD,50,32,,0.05135202407836914,1.4216094017028809,0.7262872628726288
glass,BNNDAD,50,64,,0.056543588638305664,1.4771504402160645,0.7279132791327914
glass,BNNDAD,50,128,,0.051201581954956055,1.532141923904419,0.7365853658536586
glass,BNNDAD,100,32,,0.08788251876831055,2.980295181274414,0.7235772357723578
glass,BNNDAD,100,64,,0.08363986015319824,2.8978114128112793,0.7279132791327914
glass,BNNDAD,100,128,,0.10230112075805664,2.7258431911468506,0.7355013550135502
vertebral,BNNDAD,1,32,,0.008491039276123047,0.031790733337402344,0.3546031746031746
vertebral,BNNDAD,1,64,,0.007866144180297852,0.027191162109375,0.31666666666666665
vertebral,BNNDAD,1,128,,0.01172184944152832,0.0321803092956543,0.3466666666666667
vertebral,BNNDAD,5,32,,0.01495671272277832,0.14499807357788086,0.3115873015873016
vertebral,BNNDAD,5,64,,0.013917922973632812,0.141618013381958,0.303015873015873
vertebral,BNNDAD,5,128,,0.015848875045776367,0.1439499855041504,0.32571428571428573
vertebral,BNNDAD,20,32,,0.021547794342041016,0.5549743175506592,0.30904761904761907
vertebral,BNNDAD,20,64,,0.02705526351928711,0.589714527130127,0.3136507936507936
vertebral,BNNDAD,20,128,,0.025018692016601562,0.6065781116485596,0.32190476190476186
vertebral,BNNDAD,50,32,,0.04808163642883301,1.4905056953430176,0.3293650793650794
vertebral,BNNDAD,50,64,,0.05242633819580078,1.5038127899169922,0.32031746031746033
vertebral,BNNDAD,50,128,,0.052283287048339844,1.5082001686096191,0.32333333333333336
vertebral,BNNDAD,100,32,,0.08473968505859375,2.9981863498687744,0.3314285714285714
vertebral,BNNDAD,100,64,,0.07933974266052246,2.9790055751800537,0.3212698412698413
vertebral,BNNDAD,100,128,,0.09477543830871582,2.8795175552368164,0.32523809523809527
heart,BNNDAD,1,32,,0.013199090957641602,0.0313565731048584,0.23430531732418525
heart,BNNDAD,1,64,,0.011806249618530273,0.029855966567993164,0.2088336192109777
heart,BNNDAD,1,128,,0.017187833786010742,0.03011631965637207,0.20831903945111496
heart,BNNDAD,1,256,,0.024686574935913086,0.03550839424133301,0.19845626072041167
heart,BNNDAD,5,32,,0.01690673828125,0.17002344131469727,0.1912521440823328
heart,BNNDAD,5,64,,0.014969110488891602,0.14652276039123535,0.18799313893653516
heart,BNNDAD,5,128,,0.020376920700073242,0.18394947052001953,0.19665523156089193
heart,BNNDAD,5,256,,0.029779434204101562,0.18144559860229492,0.19313893653516293
heart,BNNDAD,20,32,,0.03402590751647949,0.5965197086334229,0.19262435677530018
heart,BNNDAD,20,64,,0.03703951835632324,0.6246438026428223,0.19356775300171525
heart,BNNDAD,20,128,,0.03135108947753906,0.6248741149902344,0.19734133790737562
heart,BNNDAD,20,256,,0.04485487937927246,0.7181475162506104,0.19554030874785588
heart,BNNDAD,50,32,,0.06256723403930664,1.4812228679656982,0.19837049742710122
heart,BNNDAD,50,64,,0.06227469444274902,1.489354133605957,0.19691252144082333
heart,BNNDAD,50,128,,0.06916236877441406,1.530059576034546,0.19854202401372212
heart,BNNDAD,50,256,,0.07921791076660156,1.7145826816558838,0.19468267581475127
heart,BNNDAD,100,32,,0.0895545482635498,2.940394878387451,0.196483704974271
heart,BNNDAD,100,64,,0.09153294563293457,3.01747989654541,0.19605488850771868
heart,BNNDAD,100,128,,0.10425567626953125,3.186758518218994,0.19674099485420238
heart,BNNDAD,100,256,,0.13503146171569824,3.3366100788116455,0.19468267581475127
ionosphere,BNNDAD,1,32,,0.012187957763671875,0.03967165946960449,0.9209171075837742
ionosphere,BNNDAD,1,64,,0.006618022918701172,0.032953500747680664,0.9069488536155202
ionosphere,BNNDAD,1,128,,0.013797998428344727,0.03414440155029297,0.9308994708994709
ionosphere,BNNDAD,1,256,,0.023311138153076172,0.042765140533447266,0.9294179894179894
ionosphere,BNNDAD,5,32,,0.014134645462036133,0.17400717735290527,0.9141446208112874
ionosphere,BNNDAD,5,64,,0.015057802200317383,0.16291522979736328,0.9129100529100529
ionosphere,BNNDAD,5,128,,0.01938009262084961,0.15030741691589355,0.9288183421516755
ionosphere,BNNDAD,5,256,,0.02809762954711914,0.1656649112701416,0.9354144620811289
ionosphere,BNNDAD,20,32,,0.029700517654418945,0.5943140983581543,0.915132275132275
ionosphere,BNNDAD,20,64,,0.02767777442932129,0.6139359474182129,0.9154850088183422
ionosphere,BNNDAD,20,128,,0.03138279914855957,0.6158046722412109,0.9275132275132276
ionosphere,BNNDAD,20,256,,0.03960824012756348,0.6743865013122559,0.9332980599647267
ionosphere,BNNDAD,50,32,,0.05229020118713379,1.4899652004241943,0.9139329805996472
ionosphere,BNNDAD,50,64,,0.061434268951416016,1.4844474792480469,0.9218694885361551
ionosphere,BNNDAD,50,128,,0.06642794609069824,1.4660286903381348,0.9311463844797178
ionosphere,BNNDAD,50,256,,0.07820606231689453,1.6625556945800781,0.9336507936507936
ionosphere,BNNDAD,100,32,,0.09305024147033691,2.8674023151397705,0.9118871252204586
ionosphere,BNNDAD,100,64,,0.10772585868835449,3.0173003673553467,0.9208465608465608
ionosphere,BNNDAD,100,128,,0.10568642616271973,3.1308231353759766,0.9295238095238095
ionosphere,BNNDAD,100,256,,0.12409424781799316,3.3557796478271484,0.9335097001763668
wbc,BNNDAD,1,32,,0.012655258178710938,0.03129696846008301,0.9530478858209951
wbc,BNNDAD,1,64,,0.010963916778564453,0.029787063598632812,0.9517140189409097
wbc,BNNDAD,1,128,,0.015239477157592773,0.034209489822387695,0.9398426037081499
wbc,BNNDAD,1,256,,0.020009756088256836,0.03518080711364746,0.947579031612645
wbc,BNNDAD,5,32,,0.014733076095581055,0.15335416793823242,0.9466453247965854
wbc,BNNDAD,5,64,,0.015313386917114258,0.1575632095336914,0.9433106575963719
wbc,BNNDAD,5,128,,0.019254446029663086,0.15616631507873535,0.9443777511004401
wbc,BNNDAD,5,256,,0.027190208435058594,0.16115880012512207,0.9478458049886621
wbc,BNNDAD,20,32,,0.028429031372070312,0.588787317276001,0.9489128984927304
wbc,BNNDAD,20,64,,0.026921987533569336,0.5990519523620605,0.9475790316126451
wbc,BNNDAD,20,128,,0.0336308479309082,0.6078248023986816,0.9479791916766707
wbc,BNNDAD,20,256,,0.0362246036529541,0.6839473247528076,0.9481125783646792
wbc,BNNDAD,50,32,,0.07465958595275879,1.4475104808807373,0.9470454848606109
wbc,BNNDAD,50,64,,0.05066037178039551,1.3577466011047363,0.9478458049886621
wbc,BNNDAD,50,128,,0.06399226188659668,1.5239973068237305,0.9478458049886621
wbc,BNNDAD,50,256,,0.07959699630737305,1.6757309436798096,0.9478458049886621
wbc,BNNDAD,100,32,,0.09041142463684082,3.0129847526550293,0.9479791916766707
wbc,BNNDAD,100,64,,0.09980893135070801,3.030813694000244,0.9486461251167133
wbc,BNNDAD,100,128,,0.09868717193603516,3.118511915206909,0.9481125783646792
wbc,BNNDAD,100,256,,0.12728619575500488,3.4216485023498535,0.9478458049886621
arrhythmia,BNNDAD,1,32,,0.010699272155761719,0.03472614288330078,0.7310017271157168
arrhythmia,BNNDAD,1,64,,0.01799750328063965,0.03940129280090332,0.70635107552206
arrhythmia,BNNDAD,1,128,,0.024522066116333008,0.04108786582946777,0.6649002983199874
arrhythmia,BNNDAD,1,256,,0.045502424240112305,0.05054330825805664,0.6997173810645313
arrhythmia,BNNDAD,5,32,,0.02246570587158203,0.1678633689880371,0.7873685036897472
arrhythmia,BNNDAD,5,64,,0.027916908264160156,0.18048310279846191,0.7926676087297849
arrhythmia,BNNDAD,5,128,,0.03328251838684082,0.19049763679504395,0.8059742502747684
arrhythmia,BNNDAD,5,256,,0.05675029754638672,0.23384833335876465,0.8024415135814099
arrhythmia,BNNDAD,20,32,,0.04940009117126465,0.7031183242797852,0.7920395666509658
arrhythmia,BNNDAD,20,64,,0.06905317306518555,0.7470054626464844,0.791725545611556
arrhythmia,BNNDAD,20,128,,0.0626838207244873,0.8068428039550781,0.7856413879729942
arrhythmia,BNNDAD,20,256,,0.09719324111938477,0.9343998432159424,0.7861516721620349
arrhythmia,BNNDAD,50,32,,0.11720633506774902,1.6728527545928955,0.7940021981472758
arrhythmia,BNNDAD,50,64,,0.12603998184204102,1.7997987270355225,0.7921573245407442
arrhythmia,BNNDAD,50,128,,0.14281177520751953,2.0637056827545166,0.7901554404145077
arrhythmia,BNNDAD,50,256,,0.18279290199279785,2.5161943435668945,0.7830114617679386
arrhythmia,BNNDAD,100,32,,0.21729016304016113,3.4147448539733887,0.7931778929188256
arrhythmia,BNNDAD,100,64,,0.22181320190429688,3.594848155975342,0.788663840477312
arrhythmia,BNNDAD,100,128,,0.2180795669555664,3.9912266731262207,0.7864656932014444
arrhythmia,BNNDAD,100,256,,0.3255598545074463,4.881277561187744,0.7843067985555032
breastw,BNNDAD,1,32,,0.011094808578491211,0.034256696701049805,0.9956462738889517
breastw,BNNDAD,1,64,,0.01018667221069336,0.03065657615661621,0.9939688642617514
breastw,BNNDAD,1,128,,0.014396429061889648,0.03144025802612305,0.9911040747860831
breastw,BNNDAD,1,256,,0.021065235137939453,0.03557848930358887,0.9885785366956915
breastw,BNNDAD,1,512,,0.04193711280822754,0.03611612319946289,0.9881544724640959
breastw,BNNDAD,5,32,,0.015584707260131836,0.15181541442871094,0.9955331900938595
breastw,BNNDAD,5,64,,0.015542268753051758,0.15090465545654297,0.9945814014851672
breastw,BNNDAD,5,128,,0.01843094825744629,0.15165185928344727,0.9931301594481511
breastw,BNNDAD,5,256,,0.02598118782043457,0.15784358978271484,0.9903690301179842
breastw,BNNDAD,5,512,,0.04830789566040039,0.17334771156311035,0.9877586791812734
breastw,BNNDAD,20,32,,0.027961254119873047,0.5170328617095947,0.9949771947679897
breastw,BNNDAD,20,64,,0.02417898178100586,0.5660665035247803,0.9935730709789288
breastw,BNNDAD,20,128,,0.02900218963623047,0.5651109218597412,0.9922537600361869
breastw,BNNDAD,20,256,,0.033724308013916016,0.6349039077758789,0.9901145915790268
breastw,BNNDAD,20,512,,0.0638120174407959,0.6982195377349854,0.9874100041464059
breastw,BNNDAD,50,32,,0.05862760543823242,1.4500980377197266,0.9948829582720795
breastw,BNNDAD,50,64,,0.051293134689331055,1.4006798267364502,0.9939217460137961
breastw,BNNDAD,50,128,,0.04888415336608887,1.4325006008148193,0.9922820309849598
breastw,BNNDAD,50,256,,0.07414960861206055,1.5943431854248047,0.9903407591692109
breastw,BNNDAD,50,512,,0.12723088264465332,1.7215790748596191,0.9879094575747295
breastw,BNNDAD,100,32,,0.08744621276855469,2.8037240505218506,0.9949866184175807
breastw,BNNDAD,100,64,,0.08474302291870117,2.863027572631836,0.9943552338949828
breastw,BNNDAD,100,128,,0.08452939987182617,2.90043306350708,0.9923291492329149
breastw,BNNDAD,100,256,,0.10202193260192871,3.0472047328948975,0.99033133551962
breastw,BNNDAD,100,512,,0.2211475372314453,3.3285343647003174,0.9879283048739116
pima,BNNDAD,1,32,,0.006944179534912109,0.029199838638305664,0.7381194029850747
pima,BNNDAD,1,64,,0.011193990707397461,0.0315701961517334,0.7383582089552241
pima,BNNDAD,1,128,,0.01538848876953125,0.031201839447021484,0.7368059701492538
pima,BNNDAD,1,256,,0.02424788475036621,0.0372776985168457,0.7326268656716418
pima,BNNDAD,1,512,,0.04237055778503418,0.03625822067260742,0.7321268656716418
pima,BNNDAD,5,32,,0.013363361358642578,0.15193915367126465,0.7207835820895523
pima,BNNDAD,5,64,,0.014325141906738281,0.14783763885498047,0.7213805970149254
pima,BNNDAD,5,128,,0.018607616424560547,0.1842348575592041,0.7259626865671642
pima,BNNDAD,5,256,,0.028696060180664062,0.18593835830688477,0.7289477611940298
pima,BNNDAD,5,512,,0.049048662185668945,0.19601821899414062,0.7295671641791045
pima,BNNDAD,20,32,,0.030568838119506836,0.6087875366210938,0.7138208955223879
pima,BNNDAD,20,64,,0.02805495262145996,0.6211416721343994,0.7172761194029851
pima,BNNDAD,20,128,,0.031258583068847656,0.6262636184692383,0.7233880597014927
pima,BNNDAD,20,256,,0.039980173110961914,0.6788733005523682,0.7264925373134328
pima,BNNDAD,20,512,,0.057532310485839844,0.7701308727264404,0.7296268656716419
pima,BNNDAD,50,32,,0.06230640411376953,1.3697514533996582,0.713186567164179
pima,BNNDAD,50,64,,0.04424881935119629,1.2923810482025146,0.7165
pima,BNNDAD,50,128,,0.05484652519226074,1.4913520812988281,0.7215149253731344
pima,BNNDAD,50,256,,0.06813216209411621,1.6315839290618896,0.7260373134328357
pima,BNNDAD,50,512,,0.13527774810791016,1.7378952503204346,0.7292388059701493
pima,BNNDAD,100,32,,0.08362030982971191,2.7836129665374756,0.7123805970149254
pima,BNNDAD,100,64,,0.08517789840698242,2.9653522968292236,0.7174328358208956
pima,BNNDAD,100,128,,0.092315673828125,2.7433018684387207,0.7220149253731343
pima,BNNDAD,100,256,,0.09577417373657227,3.274794101715088,0.7265298507462686
pima,BNNDAD,100,512,,0.22389674186706543,3.4114551544189453,0.7288432835820895
vowels,BNNDAD,1,32,,0.009668111801147461,0.03239154815673828,0.8232432432432433
vowels,BNNDAD,1,64,,0.011247873306274414,0.03431558609008789,0.8608108108108108
vowels,BNNDAD,1,128,,0.009127378463745117,0.03323101997375488,0.8823755334281651
vowels,BNNDAD,1,256,,0.02152872085571289,0.03700399398803711,0.9144807965860597
vowels,BNNDAD,1,512,,0.042664527893066406,0.04807758331298828,0.9341536273115221
vowels,BNNDAD,1,1024,,0.1272139549255371,0.05214405059814453,0.9503413940256045
vowels,BNNDAD,5,32,,0.010672330856323242,0.1510019302368164,0.8417069701280229
vowels,BNNDAD,5,64,,0.013398885726928711,0.16450905799865723,0.8611664295874822
vowels,BNNDAD,5,128,,0.021027088165283203,0.16469383239746094,0.8881507823613086
vowels,BNNDAD,5,256,,0.025091886520385742,0.18256592750549316,0.9110384068278805
vowels,BNNDAD,5,512,,0.04573965072631836,0.19635272026062012,0.932972972972973
vowels,BNNDAD,5,1024,,0.13239526748657227,0.22400593757629395,0.9495448079658606
vowels,BNNDAD,20,32,,0.026997804641723633,0.5692927837371826,0.8108677098150783
vowels,BNNDAD,20,64,,0.035570383071899414,0.6216485500335693,0.8494310099573257
vowels,BNNDAD,20,128,,0.03643012046813965,0.6582326889038086,0.8815078236130867
vowels,BNNDAD,20,256,,0.04843401908874512,0.7332935333251953,0.911479374110953
vowels,BNNDAD,20,512,,0.07327890396118164,0.882699728012085,0.9356045519203414
vowels,BNNDAD,20,1024,,0.20063281059265137,0.884784460067749,0.9498293029871976
vowels,BNNDAD,50,32,,0.059441566467285156,1.4273262023925781,0.8132574679943101
vowels,BNNDAD,50,64,,0.06000494956970215,1.4422361850738525,0.8519914651493599
vowels,BNNDAD,50,128,,0.0523374080657959,1.5784573554992676,0.8875391180654338
vowels,BNNDAD,50,256,,0.07953190803527832,1.6768622398376465,0.9161166429587482
vowels,BNNDAD,50,512,,0.13430261611938477,2.0305066108703613,0.936130867709815
vowels,BNNDAD,50,1024,,0.4421529769897461,2.29780650138855,0.9493314366998578
vowels,BNNDAD,100,32,,0.11460518836975098,2.837548017501831,0.806927453769559
vowels,BNNDAD,100,64,,0.11377716064453125,3.0984604358673096,0.8463300142247511
vowels,BNNDAD,100,128,,0.10437464714050293,3.205564260482788,0.8857467994310099
vowels,BNNDAD,100,256,,0.12130331993103027,3.5009703636169434,0.9167852062588905
vowels,BNNDAD,100,512,,0.23464345932006836,4.033244609832764,0.9365007112375533
vowels,BNNDAD,100,1024,,0.7630507946014404,4.479659795761108,0.9496017069701279
letter,BNNDAD,1,32,,0.008513689041137695,0.028481721878051758,0.67676
letter,BNNDAD,1,64,,0.00950169563293457,0.03146243095397949,0.6760333333333333
letter,BNNDAD,1,128,,0.013047933578491211,0.031534671783447266,0.7651
letter,BNNDAD,1,256,,0.02174067497253418,0.03889751434326172,0.8099733333333334
letter,BNNDAD,1,512,,0.046579599380493164,0.04826641082763672,0.8305
letter,BNNDAD,1,1024,,0.15756535530090332,0.05926203727722168,0.8465933333333333
letter,BNNDAD,5,32,,0.013020515441894531,0.1537492275238037,0.7144333333333334
letter,BNNDAD,5,64,,0.018500328063964844,0.16819357872009277,0.7386266666666667
letter,BNNDAD,5,128,,0.023027658462524414,0.16383028030395508,0.78776
letter,BNNDAD,5,256,,0.029666900634765625,0.21637344360351562,0.8130933333333333
letter,BNNDAD,5,512,,0.05576777458190918,0.23966312408447266,0.83644
letter,BNNDAD,5,1024,,0.1611802577972412,0.2593564987182617,0.8499733333333334
letter,BNNDAD,20,32,,0.03384137153625488,0.6062698364257812,0.7284933333333333
letter,BNNDAD,20,64,,0.03213667869567871,0.6364796161651611,0.7540066666666666
letter,BNNDAD,20,128,,0.05136704444885254,0.6513338088989258,0.7910133333333333
letter,BNNDAD,20,256,,0.055472612380981445,0.7708542346954346,0.8172866666666666
letter,BNNDAD,20,512,,0.08128619194030762,0.8869597911834717,0.8346800000000001
letter,BNNDAD,20,1024,,0.2160477638244629,1.1134929656982422,0.85224
letter,BNNDAD,50,32,,0.06929945945739746,1.67154860496521,0.7203733333333333
letter,BNNDAD,50,64,,0.07739567756652832,1.6633155345916748,0.7548266666666666
letter,BNNDAD,50,128,,0.08333158493041992,1.7215523719787598,0.7906000000000001
letter,BNNDAD,50,256,,0.08112573623657227,2.0143532752990723,0.8147466666666666
letter,BNNDAD,50,512,,0.17921948432922363,2.2505042552948,0.8343800000000001
letter,BNNDAD,50,1024,,0.5364077091217041,2.7370681762695312,0.8507266666666667
letter,BNNDAD,100,32,,0.1257493495941162,2.9768710136413574,0.7184466666666668
letter,BNNDAD,100,64,,0.10796737670898438,3.054413318634033,0.7552133333333333
letter,BNNDAD,100,128,,0.11172795295715332,3.231818199157715,0.7878999999999999
letter,BNNDAD,100,256,,0.1388847827911377,3.82308292388916,0.8136466666666666
letter,BNNDAD,100,512,,0.28418469429016113,4.098527908325195,0.83396
letter,BNNDAD,100,1024,,0.9047904014587402,5.2113447189331055,0.8515466666666668
cardio,BNNDAD,1,32,,0.010721921920776367,0.032219886779785156,0.9377059873661082
cardio,BNNDAD,1,64,,0.009694337844848633,0.029905319213867188,0.9351311452897555
cardio,BNNDAD,1,128,,0.014204263687133789,0.031155109405517578,0.9455369404009887
cardio,BNNDAD,1,256,,0.022449970245361328,0.04732179641723633,0.9393641856632794
cardio,BNNDAD,1,512,,0.045519113540649414,0.045989036560058594,0.9359791266135676
cardio,BNNDAD,1,1024,,0.14092016220092773,0.05672121047973633,0.9146731667124417
cardio,BNNDAD,5,32,,0.017338275909423828,0.16571545600891113,0.9493923372699808
cardio,BNNDAD,5,64,,0.018844127655029297,0.16202735900878906,0.9484756934907992
cardio,BNNDAD,5,128,,0.022075891494750977,0.1776289939880371,0.9523310903597912
cardio,BNNDAD,5,256,,0.026638031005859375,0.19058918952941895,0.9455712716286735
cardio,BNNDAD,5,512,,0.05143237113952637,0.20466995239257812,0.9346711068387805
cardio,BNNDAD,5,1024,,0.1473994255065918,0.27321934700012207,0.9166163141993957
cardio,BNNDAD,20,32,,0.033879995346069336,0.6170217990875244,0.9528838231255149
cardio,BNNDAD,20,64,,0.034853458404541016,0.6417794227600098,0.9524443834111508
cardio,BNNDAD,20,128,,0.039698123931884766,0.6825869083404541,0.9512153254600385
cardio,BNNDAD,20,256,,0.04356503486633301,0.7840487957000732,0.9473805273276572
cardio,BNNDAD,20,512,,0.06908679008483887,0.8679237365722656,0.9341698709145839
cardio,BNNDAD,20,1024,,0.19971942901611328,1.0285170078277588,0.9179243339741829
cardio,BNNDAD,50,32,,0.06168174743652344,1.5442509651184082,0.9496738533369953
cardio,BNNDAD,50,64,,0.08616423606872559,1.554335594177246,0.9511500961274375
cardio,BNNDAD,50,128,,0.0653834342956543,1.5728731155395508,0.9489185663279319
cardio,BNNDAD,50,256,,0.08936095237731934,2.051499366760254,0.9449121120571271
cardio,BNNDAD,50,512,,0.13930892944335938,2.030407667160034,0.9332635265037077
cardio,BNNDAD,50,1024,,0.4766685962677002,2.44130277633667,0.9178522383960451
cardio,BNNDAD,100,32,,0.09464287757873535,2.93778395652771,0.9513080197747871
cardio,BNNDAD,100,64,,0.12441849708557129,3.1034350395202637,0.9509235100247184
cardio,BNNDAD,100,128,,0.10886549949645996,3.0320420265197754,0.9487503433122768
cardio,BNNDAD,100,256,,0.11936306953430176,3.792224884033203,0.9441980225212854
cardio,BNNDAD,100,512,,0.24803924560546875,4.3798558712005615,0.9334008514144466
cardio,BNNDAD,100,1024,,0.8014702796936035,4.972903251647949,0.9183534743202417
musk,BNNDAD,1,32,,0.1159822940826416,0.045883893966674805,0.7665078840771198
musk,BNNDAD,1,64,,0.11525249481201172,0.05120038986206055,0.7249491490064498
musk,BNNDAD,1,128,,0.125732421875,0.049039363861083984,0.7663531579770865
musk,BNNDAD,1,256,,0.1433272361755371,0.06861662864685059,0.6029484883781575
musk,BNNDAD,1,512,,0.20227766036987305,0.08413267135620117,0.524917856087342
musk,BNNDAD,1,1024,,0.46271419525146484,0.2055037021636963,0.5057978825124736
musk,BNNDAD,5,32,,0.12663674354553223,0.2274172306060791,0.999989569026964
musk,BNNDAD,5,64,,0.12388944625854492,0.21397185325622559,0.8323534013664575
musk,BNNDAD,5,128,,0.12977194786071777,0.24378395080566406,0.7672119747570452
musk,BNNDAD,5,256,,0.04368710517883301,0.28491997718811035,0.6171937205542324
musk,BNNDAD,5,512,,0.21210956573486328,0.4436037540435791,0.45691486587507174
musk,BNNDAD,5,1024,,0.4825255870819092,0.9842026233673096,0.377802889379531
musk,BNNDAD,20,32,,0.13319826126098633,0.8344581127166748,0.9998991672606526
musk,BNNDAD,20,64,,0.13408422470092773,0.8694849014282227,0.9633142678326176
musk,BNNDAD,20,128,,0.036219120025634766,0.9496872425079346,0.9363293405886546
musk,BNNDAD,20,256,,0.15424513816833496,1.3080120086669922,0.7868082961005545
musk,BNNDAD,20,512,,0.1388096809387207,1.768768548965454,0.6364840666886875
musk,BNNDAD,20,1024,,0.5454332828521729,4.0610716342926025,0.4297839050086055
musk,BNNDAD,50,32,,0.06584668159484863,2.0316643714904785,0.9977816797343578
musk,BNNDAD,50,64,,0.16127991676330566,2.1241543292999268,0.9819578936388449
musk,BNNDAD,50,128,,0.16455554962158203,2.4297773838043213,0.9468507153909008
musk,BNNDAD,50,256,,0.21805667877197266,3.0689730644226074,0.8283826776307783
musk,BNNDAD,50,512,,0.42344117164611816,4.359668254852295,0.6557709358321309
musk,BNNDAD,50,1024,,1.2965278625488281,10.288695096969604,0.47165035378383546
musk,BNNDAD,100,32,,0.1927196979522705,3.968108654022217,0.9993810955998679
musk,BNNDAD,100,64,,0.18233442306518555,4.472313642501831,0.989930634029311
musk,BNNDAD,100,128,,0.20945954322814941,4.799022436141968,0.9587107317327586
musk,BNNDAD,100,256,,0.2958812713623047,6.280140399932861,0.8238417273691347
musk,BNNDAD,100,512,,0.6683349609375,8.74885892868042,0.6660593522365744
musk,BNNDAD,100,1024,,2.2077128887176514,21.30498766899109,0.47658420402983254
speech,BNNDAD,1,32,,0.12999176979064941,0.07067584991455078,0.4680972300734878
speech,BNNDAD,1,64,,0.12710142135620117,0.07905697822570801,0.477544375353307
speech,BNNDAD,1,128,,0.13894081115722656,0.07831215858459473,0.4699242509892595
speech,BNNDAD,1,256,,0.16940569877624512,0.10583996772766113,0.49526512153759183
speech,BNNDAD,1,512,,0.3030831813812256,0.23932337760925293,0.5241899378179763
speech,BNNDAD,1,1024,,0.8200047016143799,0.29704880714416504,0.5320610514414923
speech,BNNDAD,5,32,,0.1368093490600586,0.2872352600097656,0.4761695873374787
speech,BNNDAD,5,64,,0.13011527061462402,0.2988779544830322,0.47220802713397403
speech,BNNDAD,5,128,,0.13959193229675293,0.4130556583404541,0.46946749576031654
speech,BNNDAD,5,256,,0.18059110641479492,0.5491201877593994,0.5085992085924251
speech,BNNDAD,5,512,,0.30850768089294434,1.1174547672271729,0.47358733747880155
speech,BNNDAD,5,1024,,0.862154483795166,1.4748470783233643,0.4578858111927643
speech,BNNDAD,20,32,,0.1409132480621338,1.2264831066131592,0.4823877897117015
speech,BNNDAD,20,64,,0.14393925666809082,1.400357961654663,0.49019332956472583
speech,BNNDAD,20,128,,0.1562035083770752,1.6358404159545898,0.5172413793103448
speech,BNNDAD,20,256,,0.19766545295715332,2.13492488861084,0.5156449971735444
speech,BNNDAD,20,512,,0.3491039276123047,4.6350555419921875,0.5110684002261164
speech,BNNDAD,20,1024,,1.010437250137329,6.052613019943237,0.5261503674392312
speech,BNNDAD,50,32,,0.162367582321167,2.834836721420288,0.4774132278123234
speech,BNNDAD,50,64,,0.17001724243164062,3.0878689289093018,0.4901390616167326
speech,BNNDAD,50,128,,0.20026755332946777,3.8824572563171387,0.5018925946862633
speech,BNNDAD,50,256,,0.2081890106201172,5.591024875640869,0.49602261164499717
speech,BNNDAD,50,512,,0.751859188079834,11.266154050827026,0.5160384397964952
speech,BNNDAD,50,1024,,2.644641876220703,14.944697618484497,0.5525245901639344
speech,BNNDAD,100,32,,0.20307159423828125,5.845095634460449,0.4776212549462973
speech,BNNDAD,100,64,,0.21025371551513672,6.445841550827026,0.4822566421707179
speech,BNNDAD,100,128,,0.25269532203674316,7.5158514976501465,0.49510910118711127
speech,BNNDAD,100,256,,0.34488606452941895,10.636949062347412,0.49927868852459006
speech,BNNDAD,100,512,,1.1548106670379639,22.350281238555908,0.5118914641040135
speech,BNNDAD,100,1024,,4.589409828186035,30.126312255859375,0.5705144149236857
thyroid,BNNDAD,1,32,,0.013042211532592773,0.03466916084289551,0.8911169760366158
thyroid,BNNDAD,1,64,,0.008519411087036133,0.03077840805053711,0.9035940692158634
thyroid,BNNDAD,1,128,,0.013228416442871094,0.036037445068359375,0.9124908299648982
thyroid,BNNDAD,1,256,,0.01738572120666504,0.0435791015625,0.9168018424829094
thyroid,BNNDAD,1,512,,0.04010128974914551,0.04364824295043945,0.9208994964152835
thyroid,BNNDAD,1,1024,,0.11847472190856934,0.07345771789550781,0.9273733219931783
thyroid,BNNDAD,5,32,,0.022344589233398438,0.17305898666381836,0.8848565090443581
thyroid,BNNDAD,5,64,,0.017630338668823242,0.1614854335784912,0.9004287630755201
thyroid,BNNDAD,5,128,,0.019552230834960938,0.1743919849395752,0.9068061388818256
thyroid,BNNDAD,5,256,,0.026458740234375,0.20035862922668457,0.9147676291184783
thyroid,BNNDAD,5,512,,0.044020652770996094,0.21597790718078613,0.9226882012702143
thyroid,BNNDAD,5,1024,,0.16219544410705566,0.30530643463134766,0.9273060994251009
thyroid,BNNDAD,20,32,,0.02557373046875,0.5797977447509766,0.8823780421865455
thyroid,BNNDAD,20,64,,0.026903629302978516,0.6230933666229248,0.8922948323381472
thyroid,BNNDAD,20,128,,0.03103017807006836,0.6959242820739746,0.9056750461059134
thyroid,BNNDAD,20,256,,0.03820347785949707,0.7994966506958008,0.9131425966032144
thyroid,BNNDAD,20,512,,0.05969953536987305,0.9704380035400391,0.9228606417709346
thyroid,BNNDAD,20,1024,,0.18170785903930664,1.234741449356079,0.9281069248013281
thyroid,BNNDAD,50,32,,0.062169790267944336,1.511824131011963,0.8866861319842056
thyroid,BNNDAD,50,64,,0.07008981704711914,1.7426021099090576,0.8953870704697104
thyroid,BNNDAD,50,128,,0.0667264461517334,1.838350534439087,0.9064057261937122
thyroid,BNNDAD,50,256,,0.07817268371582031,1.9109606742858887,0.9147062519911031
thyroid,BNNDAD,50,512,,0.12272286415100098,2.203312397003174,0.9230155459495479
thyroid,BNNDAD,50,1024,,0.4211761951446533,3.09688401222229,0.9286008645406799
thyroid,BNNDAD,100,32,,0.10172438621520996,3.1128015518188477,0.8879867425404869
thyroid,BNNDAD,100,64,,0.11418914794921875,3.1027371883392334,0.8962171230494494
thyroid,BNNDAD,100,128,,0.10685253143310547,3.6477885246276855,0.9079050817338745
thyroid,BNNDAD,100,256,,0.10595417022705078,3.7303507328033447,0.9158724174112297
thyroid,BNNDAD,100,512,,0.20794034004211426,4.400131464004517,0.9234948720871439
thyroid,BNNDAD,100,1024,,0.7005581855773926,6.247124433517456,0.9288843684147458
optdigits,BNNDAD,1,32,,0.1152811050415039,0.04166126251220703,0.9085169101197527
optdigits,BNNDAD,1,64,,0.11042547225952148,0.04228854179382324,0.9166219239373601
optdigits,BNNDAD,1,128,,0.11691164970397949,0.048114776611328125,0.42898276088959075
optdigits,BNNDAD,1,256,,0.13048434257507324,0.055149078369140625,0.4935267798394526
optdigits,BNNDAD,1,512,,0.1672534942626953,0.08013510704040527,0.40698381365969205
optdigits,BNNDAD,1,1024,,0.3085906505584717,0.10830545425415039,0.4147269377549678
optdigits,BNNDAD,5,32,,0.1251683235168457,0.20234274864196777,0.42583497828661665
optdigits,BNNDAD,5,64,,0.12163448333740234,0.22672009468078613,0.4734859849980261
optdigits,BNNDAD,5,128,,0.024581193923950195,0.25678491592407227,0.4033412291090933
optdigits,BNNDAD,5,256,,0.1377418041229248,0.3048126697540283,0.4275523095144098
optdigits,BNNDAD,5,512,,0.16516327857971191,0.3773360252380371,0.41802868798526127
optdigits,BNNDAD,5,1024,,0.31911396980285645,0.595529317855835,0.3735544150546124
optdigits,BNNDAD,20,32,,0.13131380081176758,0.8468036651611328,0.6626042900381629
optdigits,BNNDAD,20,64,,0.12773466110229492,0.8608505725860596,0.5537504934859849
optdigits,BNNDAD,20,128,,0.13681554794311523,0.970170259475708,0.4303079352546388
optdigits,BNNDAD,20,256,,0.14203906059265137,1.183142900466919,0.4154033425450717
optdigits,BNNDAD,20,512,,0.1889781951904297,1.5275812149047852,0.4126016581129096
optdigits,BNNDAD,20,1024,,0.334644079208374,2.4653713703155518,0.37720357941834454
optdigits,BNNDAD,50,32,,0.17351245880126953,2.0144283771514893,0.7262824055796815
optdigits,BNNDAD,50,64,,0.06582283973693848,2.1538753509521484,0.618243189893407
optdigits,BNNDAD,50,128,,0.17539310455322266,2.1773362159729004,0.4627121989735491
optdigits,BNNDAD,50,256,,0.18344473838806152,2.765449285507202,0.416315304645348
optdigits,BNNDAD,50,512,,0.298717737197876,3.8678224086761475,0.41096065271746285
optdigits,BNNDAD,50,1024,,0.6543765068054199,6.357919931411743,0.3910303987366759
optdigits,BNNDAD,100,32,,0.1996903419494629,3.9850847721099854,0.7151283063560996
optdigits,BNNDAD,100,64,,0.08487319946289062,4.097141981124878,0.5346466640347415
optdigits,BNNDAD,100,128,,0.19329285621643066,4.51223349571228,0.4248822213449138
optdigits,BNNDAD,100,256,,0.23852896690368652,5.4239182472229,0.39852348993288594
optdigits,BNNDAD,100,512,,0.4223005771636963,7.7688069343566895,0.40064087379918406
optdigits,BNNDAD,100,1024,,1.2794866561889648,12.699663162231445,0.3875378339255165
satimage2,BNNDAD,1,32,,0.11601996421813965,0.051175594329833984,0.9925105412657382
satimage2,BNNDAD,1,64,,0.11298251152038574,0.05888676643371582,0.9981841502609516
satimage2,BNNDAD,1,128,,0.12054872512817383,0.05421328544616699,0.9984028385245176
satimage2,BNNDAD,1,256,,0.029015064239501953,0.046541690826416016,0.9987542140491238
satimage2,BNNDAD,1,512,,0.16149425506591797,0.06215500831604004,0.9988181005081431
satimage2,BNNDAD,1,1024,,0.25988030433654785,0.1005551815032959,0.9987591283921253
satimage2,BNNDAD,5,32,,0.11865735054016113,0.1886904239654541,0.9955549767551576
satimage2,BNNDAD,5,64,,0.11973404884338379,0.18345975875854492,0.9978106601928388
satimage2,BNNDAD,5,128,,0.12250494956970215,0.211594820022583,0.9984200387250228
satimage2,BNNDAD,5,256,,0.1294717788696289,0.2554953098297119,0.9987099849621105
satimage2,BNNDAD,5,512,,0.058544158935546875,0.3534412384033203,0.9987959859646365
satimage2,BNNDAD,5,1024,,0.27076125144958496,0.5654551982879639,0.9988991871676676
satimage2,BNNDAD,20,32,,0.13559222221374512,0.7942805290222168,0.997675515760298
satimage2,BNNDAD,20,64,,0.1324751377105713,0.7666745185852051,0.9984200387250228
satimage2,BNNDAD,20,128,,0.13109707832336426,0.8706202507019043,0.9985699261865681
satimage2,BNNDAD,20,256,,0.14001154899597168,0.998673677444458,0.9987247279911149
satimage2,BNNDAD,20,512,,0.1697230339050293,1.3209843635559082,0.9988205576796438
satimage2,BNNDAD,20,1024,,0.29600071907043457,2.3283274173736572,0.9988991871676676
satimage2,BNNDAD,50,32,,0.05901837348937988,1.8325562477111816,0.9977541452483217
satimage2,BNNDAD,50,64,,0.1660614013671875,2.134526014328003,0.9983954670100154
satimage2,BNNDAD,50,128,,0.16008472442626953,2.299692392349243,0.9986018694160778
satimage2,BNNDAD,50,256,,0.16818475723266602,2.67391037940979,0.9987566712206246
satimage2,BNNDAD,50,512,,0.2535719871520996,3.5562663078308105,0.9988770726241608
satimage2,BNNDAD,50,1024,,0.6166954040527344,5.6487531661987305,0.9989360447401787
satimage2,BNNDAD,100,32,,0.20748209953308105,3.824699640274048,0.9979384331108774
satimage2,BNNDAD,100,64,,0.18396806716918945,3.964210033416748,0.9984446104400303
satimage2,BNNDAD,100,128,,0.19881343841552734,4.284058570861816,0.9986657558750971
satimage2,BNNDAD,100,256,,0.10990095138549805,4.844503164291382,0.9987837001071327
satimage2,BNNDAD,100,512,,0.4159727096557617,6.6654558181762695,0.9988869013101638
satimage2,BNNDAD,100,1024,,0.9059109687805176,11.029340267181396,0.998943416254681
satellite,BNNDAD,1,32,,0.11405754089355469,0.059882402420043945,0.7358901447060437
satellite,BNNDAD,1,64,,0.11488628387451172,0.04920196533203125,0.7704123012418879
satellite,BNNDAD,1,128,,0.12193179130554199,0.05045270919799805,0.7472175092481727
satellite,BNNDAD,1,256,,0.12552165985107422,0.053217411041259766,0.7795870065129109
satellite,BNNDAD,1,512,,0.14898443222045898,0.06993222236633301,0.7861249274817326
satellite,BNNDAD,1,1024,,0.2736692428588867,0.1158599853515625,0.790632448614192
satellite,BNNDAD,5,32,,0.1193845272064209,0.20640850067138672,0.7394868051365487
satellite,BNNDAD,5,64,,0.11959695816040039,0.2134263515472412,0.7691930564680043
satellite,BNNDAD,5,128,,0.12388253211975098,0.21034979820251465,0.7800839715759653
satellite,BNNDAD,5,256,,0.12965655326843262,0.24517273902893066,0.78229725812841
satellite,BNNDAD,5,512,,0.15745949745178223,0.35131025314331055,0.7830467810374835
satellite,BNNDAD,5,1024,,0.27257347106933594,0.5517880916595459,0.7727129000116565
satellite,BNNDAD,20,32,,0.1329936981201172,0.7999317646026611,0.7411389264661419
satellite,BNNDAD,20,64,,0.1330265998840332,0.8329963684082031,0.7620345711719623
satellite,BNNDAD,20,128,,0.13171911239624023,0.9118947982788086,0.7789991563540741
satellite,BNNDAD,20,256,,0.1383979320526123,0.9641923904418945,0.7854514398923491
satellite,BNNDAD,20,512,,0.16663122177124023,1.4205169677734375,0.786630713088481
satellite,BNNDAD,20,1024,,0.2935025691986084,2.357970952987671,0.7741197209045992
satellite,BNNDAD,50,32,,0.15560102462768555,1.9144203662872314,0.7449987517255887
satellite,BNNDAD,50,64,,0.051682472229003906,2.0962862968444824,0.7682472485486297
satellite,BNNDAD,50,128,,0.16618967056274414,2.163611650466919,0.7802379403070263
satellite,BNNDAD,50,256,,0.16369390487670898,2.4893460273742676,0.7873973188226829
satellite,BNNDAD,50,512,,0.26221418380737305,3.4740357398986816,0.7866540484509115
satellite,BNNDAD,50,1024,,0.6318295001983643,5.856537818908691,0.7752199441648419
satellite,BNNDAD,100,32,,0.19842910766601562,3.736483335494995,0.7514470157755982
satellite,BNNDAD,100,64,,0.18494534492492676,4.053002834320068,0.7705734157298656
satellite,BNNDAD,100,128,,0.19231462478637695,4.231140851974487,0.7786437665999283
satellite,BNNDAD,100,256,,0.21070361137390137,5.163201570510864,0.7854370367260644
satellite,BNNDAD,100,512,,0.3592031002044678,7.079955577850342,0.7866692331843592
satellite,BNNDAD,100,1024,,1.0117061138153076,11.832391023635864,0.7779822258228898
pendigits,BNNDAD,1,32,,0.01477503776550293,0.03554892539978027,0.9575704803586842
pendigits,BNNDAD,1,64,,0.012148618698120117,0.037523508071899414,0.9726967377771667
pendigits,BNNDAD,1,128,,0.01483011245727539,0.04457402229309082,0.9764814051007081
pendigits,BNNDAD,1,256,,0.01926732063293457,0.05848217010498047,0.9339850522826394
pendigits,BNNDAD,1,512,,0.0530858039855957,0.06719565391540527,0.9533676283006043
pendigits,BNNDAD,1,1024,,0.14611101150512695,0.08994245529174805,0.952051969478243
pendigits,BNNDAD,5,32,,0.01928544044494629,0.1877455711364746,0.9354133727458124
pendigits,BNNDAD,5,64,,0.020389318466186523,0.19201087951660156,0.9553124737441091
pendigits,BNNDAD,5,128,,0.027745962142944336,0.20268511772155762,0.9591601552057316
pendigits,BNNDAD,5,256,,0.03524279594421387,0.24057626724243164,0.9622306622976864
pendigits,BNNDAD,5,512,,0.05498671531677246,0.32062578201293945,0.9499810957585756
pendigits,BNNDAD,5,1024,,0.14550280570983887,0.48479175567626953,0.9460112050594623
pendigits,BNNDAD,20,32,,0.041052818298339844,0.7013132572174072,0.95102751235459
pendigits,BNNDAD,20,64,,0.04688405990600586,0.7305948734283447,0.9554738281279835
pendigits,BNNDAD,20,128,,0.047415971755981445,0.8476722240447998,0.9562834643263598
pendigits,BNNDAD,20,256,,0.055314064025878906,1.0008654594421387,0.9596241684043292
pendigits,BNNDAD,20,512,,0.08078908920288086,1.2765114307403564,0.9549658959846627
pendigits,BNNDAD,20,1024,,0.17823195457458496,2.0216445922851562,0.9348462455030819
pendigits,BNNDAD,50,32,,0.08641886711120605,1.700228214263916,0.958327604775326
pendigits,BNNDAD,50,64,,0.1064138412475586,1.70387864112854,0.9581003719743666
pendigits,BNNDAD,50,128,,0.11720108985900879,2.0011651515960693,0.9570396339833337
pendigits,BNNDAD,50,256,,0.10198521614074707,2.5246152877807617,0.9576936443558428
pendigits,BNNDAD,50,512,,0.16739559173583984,3.1853034496307373,0.9552504143656958
pendigits,BNNDAD,50,1024,,0.44806933403015137,4.884852409362793,0.9437732483979132
pendigits,BNNDAD,100,32,,0.14852142333984375,3.4074807167053223,0.9590121674572077
pendigits,BNNDAD,100,64,,0.16684579849243164,3.647942304611206,0.9602418979094582
pendigits,BNNDAD,100,128,,0.15446257591247559,4.113095998764038,0.9576249016597541
pendigits,BNNDAD,100,256,,0.16356754302978516,4.801883697509766,0.9555311137080574
pendigits,BNNDAD,100,512,,0.26908445358276367,6.3772783279418945,0.9543338450845154
pendigits,BNNDAD,100,1024,,0.7765278816223145,9.886129140853882,0.9438639505663635
annthyroid,BNNDAD,1,32,,0.010281801223754883,0.03321123123168945,0.5837845020457102
annthyroid,BNNDAD,1,64,,0.009303808212280273,0.03837108612060547,0.5982263956732752
annthyroid,BNNDAD,1,128,,0.015160560607910156,0.037752628326416016,0.5961598968885653
annthyroid,BNNDAD,1,256,,0.01692032814025879,0.0432741641998291,0.6124446714334355
annthyroid,BNNDAD,1,512,,0.03262138366699219,0.05419445037841797,0.6215469861592902
annthyroid,BNNDAD,1,1024,,0.12192225456237793,0.10910940170288086,0.6275017951233326
annthyroid,BNNDAD,5,32,,0.017850637435913086,0.1759040355682373,0.6148915453343087
annthyroid,BNNDAD,5,64,,0.016716480255126953,0.18283939361572266,0.6074054034616945
annthyroid,BNNDAD,5,128,,0.018666505813598633,0.16370868682861328,0.6086192888951816
annthyroid,BNNDAD,5,256,,0.02756977081298828,0.21344208717346191,0.6093384619360813
annthyroid,BNNDAD,5,512,,0.04579639434814453,0.29532504081726074,0.6211932991051914
annthyroid,BNNDAD,5,1024,,0.13457751274108887,0.4558122158050537,0.6311695776319205
annthyroid,BNNDAD,20,32,,0.03012561798095703,0.6940243244171143,0.5935871677055347
annthyroid,BNNDAD,20,64,,0.03814244270324707,0.6863410472869873,0.599226214756307
annthyroid,BNNDAD,20,128,,0.03744864463806152,0.7375249862670898,0.610108201831419
annthyroid,BNNDAD,20,256,,0.03996396064758301,0.8867299556732178,0.6147111902201456
annthyroid,BNNDAD,20,512,,0.07040143013000488,1.1898081302642822,0.6248467543383551
annthyroid,BNNDAD,20,1024,,0.15384769439697266,1.8281455039978027,0.6340889706948223
annthyroid,BNNDAD,50,32,,0.07441902160644531,1.7528574466705322,0.5949819701071231
annthyroid,BNNDAD,50,64,,0.07117366790771484,1.7496318817138672,0.5997431203794537
annthyroid,BNNDAD,50,128,,0.06246042251586914,1.9186558723449707,0.6081099683002008
annthyroid,BNNDAD,50,256,,0.0726315975189209,2.19399356842041,0.6126424440196829
annthyroid,BNNDAD,50,512,,0.12354826927185059,2.8090763092041016,0.6233423904188171
annthyroid,BNNDAD,50,1024,,0.42450594902038574,4.764862298965454,0.633295913861049
annthyroid,BNNDAD,100,32,,0.11205196380615234,3.325376272201538,0.5959944309037645
annthyroid,BNNDAD,100,64,,0.11172914505004883,3.494837999343872,0.6016008904261212
annthyroid,BNNDAD,100,128,,0.09436154365539551,3.6787643432617188,0.6079346698714815
annthyroid,BNNDAD,100,256,,0.10684466361999512,4.516375541687012,0.6140212335840325
annthyroid,BNNDAD,100,512,,0.22987627983093262,5.793293476104736,0.6231474271022608
annthyroid,BNNDAD,100,1024,,0.7099483013153076,9.245490550994873,0.6324109939083795
mnist,BNNDAD,1,32,,0.11429119110107422,0.04855489730834961,0.8175315080399826
mnist,BNNDAD,1,64,,0.11639714241027832,0.05736851692199707,0.826890482398957
mnist,BNNDAD,1,128,,0.11919736862182617,0.05839252471923828,0.8488795761677118
mnist,BNNDAD,1,256,,0.13196039199829102,0.07092475891113281,0.7959852859005401
mnist,BNNDAD,1,512,,0.17215514183044434,0.1041116714477539,0.7641563709360321
mnist,BNNDAD,1,1024,,0.34304332733154297,0.15101218223571777,0.722706069824714
mnist,BNNDAD,5,32,,0.12272882461547852,0.2473921775817871,0.8725986631071377
mnist,BNNDAD,5,64,,0.12688279151916504,0.22392821311950684,0.8660381614618903
mnist,BNNDAD,5,128,,0.12906241416931152,0.2636127471923828,0.8497454522878252
mnist,BNNDAD,5,256,,0.13881492614746094,0.34795546531677246,0.8331654974027856
mnist,BNNDAD,5,512,,0.17844009399414062,0.5155026912689209,0.7958806729993171
mnist,BNNDAD,5,1024,,0.33895182609558105,0.8054940700531006,0.7778239274849443
mnist,BNNDAD,20,32,,0.13953804969787598,0.8946127891540527,0.8435818795140829
mnist,BNNDAD,20,64,,0.03085613250732422,0.986295223236084,0.8606090519649842
mnist,BNNDAD,20,128,,0.13665556907653809,1.1346790790557861,0.8512965377372158
mnist,BNNDAD,20,256,,0.15378618240356445,1.470128059387207,0.8410177769499805
mnist,BNNDAD,20,512,,0.18873262405395508,2.0849127769470215,0.8190490676931355
mnist,BNNDAD,20,1024,,0.3972618579864502,3.3739418983459473,0.805267895945862
mnist,BNNDAD,50,32,,0.15542817115783691,2.185467481613159,0.8608940212330043
mnist,BNNDAD,50,64,,0.1601550579071045,2.278225898742676,0.8580132861488794
mnist,BNNDAD,50,128,,0.16343975067138672,2.6396682262420654,0.8500173837461974
mnist,BNNDAD,50,256,,0.1928713321685791,3.582845687866211,0.8416440057118023
mnist,BNNDAD,50,512,,0.31427884101867676,5.184934139251709,0.8237199147368638
mnist,BNNDAD,50,1024,,0.8303675651550293,8.540091037750244,0.8098182984623663
mnist,BNNDAD,100,32,,0.20101356506347656,4.377846002578735,0.8639833612714969
mnist,BNNDAD,100,64,,0.19571375846862793,4.725194215774536,0.8637619254568406
mnist,BNNDAD,100,128,,0.21142911911010742,5.227973222732544,0.8513161979263674
mnist,BNNDAD,100,256,,0.24991488456726074,7.206483602523804,0.8369731586680739
mnist,BNNDAD,100,512,,0.4609663486480713,10.714853525161743,0.8232457937542683
mnist,BNNDAD,100,1024,,1.397489070892334,17.243940830230713,0.8067415823348028
mammography,BNNDAD,1,32,,0.009299278259277344,0.03912210464477539,0.8375875886449905
mammography,BNNDAD,1,64,,0.012909173965454102,0.0383298397064209,0.8153546855963774
mammography,BNNDAD,1,128,,0.011554241180419922,0.048560380935668945,0.8195899266896244
mammography,BNNDAD,1,256,,0.022713899612426758,0.05422019958496094,0.8209473306150044
mammography,BNNDAD,1,512,,0.03822755813598633,0.0713958740234375,0.8157582095648561
mammography,BNNDAD,1,1024,,0.13852453231811523,0.1566925048828125,0.8127296671103318
mammography,BNNDAD,5,32,,0.02091503143310547,0.16836929321289062,0.8342601004232424
mammography,BNNDAD,5,64,,0.0179135799407959,0.1944577693939209,0.8329710068380762
mammography,BNNDAD,5,128,,0.023914098739624023,0.20766997337341309,0.818403298614779
mammography,BNNDAD,5,256,,0.03017711639404297,0.2589235305786133,0.815834266438496
mammography,BNNDAD,5,512,,0.051935434341430664,0.37578773498535156,0.8136599553517982
mammography,BNNDAD,5,1024,,0.15304183959960938,0.7590501308441162,0.8122937485475251
mammography,BNNDAD,20,32,,0.03820371627807617,0.7263870239257812,0.8279744927781181
mammography,BNNDAD,20,64,,0.04771924018859863,0.7641894817352295,0.8237723505095106
mammography,BNNDAD,20,128,,0.04101681709289551,0.8374066352844238,0.8182487200614089
mammography,BNNDAD,20,256,,0.045293331146240234,0.996422290802002,0.8146603145092572
mammography,BNNDAD,20,512,,0.07724356651306152,1.6132636070251465,0.8146310889513306
mammography,BNNDAD,20,1024,,0.2049856185913086,2.9866697788238525,0.8139169994154888
mammography,BNNDAD,50,32,,0.06997299194335938,1.7800989151000977,0.8320956485609053
mammography,BNNDAD,50,64,,0.07644414901733398,1.8345551490783691,0.8254927851604589
mammography,BNNDAD,50,128,,0.0818936824798584,2.1745707988739014,0.8178282945654547
mammography,BNNDAD,50,256,,0.096435546875,2.561263084411621,0.8152025718490975
mammography,BNNDAD,50,512,,0.14308977127075195,3.9906837940216064,0.8144652427129769
mammography,BNNDAD,50,1024,,0.46248698234558105,7.458367824554443,0.8133268544144677
mammography,BNNDAD,100,32,,0.11712932586669922,3.6136555671691895,0.8316967020894513
mammography,BNNDAD,100,64,,0.13822531700134277,3.776684284210205,0.8253850379228023
mammography,BNNDAD,100,128,,0.11337733268737793,4.228832721710205,0.8188114000802822
mammography,BNNDAD,100,256,,0.12660503387451172,5.102980375289917,0.8152582060437046
mammography,BNNDAD,100,512,,0.23969197273254395,8.071704864501953,0.8143412981781561
mammography,BNNDAD,100,1024,,0.8031280040740967,15.297894477844238,0.8134673483616082
shuttle,BNNDAD,1,32,,0.11573457717895508,0.06034350395202637,0.984767361818388
shuttle,BNNDAD,1,64,,0.1196129322052002,0.07415604591369629,0.985650353634708
shuttle,BNNDAD,1,128,,0.11946225166320801,0.08805561065673828,0.9869740697371159
shuttle,BNNDAD,1,256,,0.12723994255065918,0.11835837364196777,0.9877727641850595
shuttle,BNNDAD,1,512,,0.14155006408691406,0.21528148651123047,0.9877441735567103
shuttle,BNNDAD,1,1024,,0.22059345245361328,0.35936570167541504,0.9888763274508157
shuttle,BNNDAD,5,32,,0.12056851387023926,0.2869424819946289,0.9872293797996687
shuttle,BNNDAD,5,64,,0.12448883056640625,0.3203146457672119,0.9877325898537032
shuttle,BNNDAD,5,128,,0.1253221035003662,0.4270758628845215,0.987736101202727
shuttle,BNNDAD,5,256,,0.1294248104095459,0.6576564311981201,0.9879853632477444
shuttle,BNNDAD,5,512,,0.14853620529174805,1.1389811038970947,0.9884298550488881
shuttle,BNNDAD,5,1024,,0.22873330116271973,2.1485595703125,0.9890525821767199
shuttle,BNNDAD,20,32,,0.1318647861480713,1.1438994407653809,0.9877231304543763
shuttle,BNNDAD,20,64,,0.13325285911560059,1.274071216583252,0.9879105752623111
shuttle,BNNDAD,20,128,,0.03707003593444824,1.6823465824127197,0.9878044100619368
shuttle,BNNDAD,20,256,,0.13924098014831543,2.67585825920105,0.9880097365084942
shuttle,BNNDAD,20,512,,0.1617577075958252,4.718579053878784,0.988485830450851
shuttle,BNNDAD,20,1024,,0.28542041778564453,8.48947525024414,0.9890264157537462
shuttle,BNNDAD,50,32,,0.06186103820800781,2.783153533935547,0.9881135087432529
shuttle,BNNDAD,50,64,,0.15946149826049805,3.147305488586426,0.9879618709482266
shuttle,BNNDAD,50,128,,0.1609787940979004,4.122655391693115,0.9879765411395212
shuttle,BNNDAD,50,256,,0.17237401008605957,6.664315462112427,0.988068117371977
shuttle,BNNDAD,50,512,,0.23539185523986816,11.654600858688354,0.9884941964585784
shuttle,BNNDAD,50,1024,,0.49532413482666016,22.068421125411987,0.9890089402320036
shuttle,BNNDAD,100,32,,0.1874849796295166,5.6495537757873535,0.9879630018275385
shuttle,BNNDAD,100,64,,0.19532227516174316,6.3070032596588135,0.9879272447982457
shuttle,BNNDAD,100,128,,0.19396471977233887,8.295857906341553,0.9879298439462775
shuttle,BNNDAD,100,256,,0.20121145248413086,13.292129278182983,0.9880877047014952
shuttle,BNNDAD,100,512,,0.303879976272583,23.165766716003418,0.9885018127120656
shuttle,BNNDAD,100,1024,,0.7568345069885254,43.174827098846436,0.9890222296259065
smtp_mat,BNNDAD,1,32,,0.11955618858337402,0.08178114891052246,0.8138556581095949
smtp_mat,BNNDAD,1,64,,0.11388945579528809,0.08982968330383301,0.8435320872667128
smtp_mat,BNNDAD,1,128,,0.1176292896270752,0.09942770004272461,0.8270224053711218
smtp_mat,BNNDAD,1,256,,0.1192464828491211,0.1831960678100586,0.8411184464114263
smtp_mat,BNNDAD,1,512,,0.14429140090942383,0.3238346576690674,0.8447932216218489
smtp_mat,BNNDAD,1,1024,,0.22076177597045898,0.6253576278686523,0.8463451982983973
smtp_mat,BNNDAD,5,32,,0.1261732578277588,0.35802578926086426,0.8257640743154694
smtp_mat,BNNDAD,5,64,,0.11838555335998535,0.43625521659851074,0.8457540525198158
smtp_mat,BNNDAD,5,128,,0.12987709045410156,0.6140327453613281,0.843048868518246
smtp_mat,BNNDAD,5,256,,0.12952613830566406,1.0311558246612549,0.8495080209406471
smtp_mat,BNNDAD,5,512,,0.1448047161102295,1.7865188121795654,0.8505732747443742
smtp_mat,BNNDAD,5,1024,,0.23005270957946777,3.280411958694458,0.8464324509948209
smtp_mat,BNNDAD,20,32,,0.13613080978393555,1.3920509815216064,0.8362988737744326
smtp_mat,BNNDAD,20,64,,0.13341856002807617,1.6533818244934082,0.8437174554450588
smtp_mat,BNNDAD,20,128,,0.1373155117034912,2.369783639907837,0.8447925207969781
smtp_mat,BNNDAD,20,256,,0.13569879531860352,4.019672870635986,0.8493934360742594
smtp_mat,BNNDAD,20,512,,0.17429661750793457,7.67571496963501,0.8495272936245961
smtp_mat,BNNDAD,20,1024,,0.2789905071258545,13.71302843093872,0.8477503521644976
smtp_mat,BNNDAD,50,32,,0.16231703758239746,3.441230297088623,0.8361236675567143
smtp_mat,BNNDAD,50,64,,0.1572401523590088,4.184767007827759,0.8405588377520341
smtp_mat,BNNDAD,50,128,,0.05386185646057129,5.913041114807129,0.8451828802500544
smtp_mat,BNNDAD,50,256,,0.15975117683410645,10.19601845741272,0.8493766162773585
smtp_mat,BNNDAD,50,512,,0.11177372932434082,19.550878047943115,0.8490472285880482
smtp_mat,BNNDAD,50,1024,,0.47579407691955566,33.622942209243774,0.8479094394101858
smtp_mat,BNNDAD,100,32,,0.19083309173583984,7.114137172698975,0.8347717763808001
smtp_mat,BNNDAD,100,64,,0.19176626205444336,8.51999306678772,0.8398513550448878
smtp_mat,BNNDAD,100,128,,0.19785761833190918,11.731712818145752,0.8450174855805282
smtp_mat,BNNDAD,100,256,,0.20210623741149902,20.239710092544556,0.8496877825200261
smtp_mat,BNNDAD,100,512,,0.2946646213531494,38.68431568145752,0.8480695778931803
smtp_mat,BNNDAD,100,1024,,0.7498114109039307,68.80577278137207,0.8475047130472566
mulcross,BNNDAD,1,32,,0.13576626777648926,0.150162935256958,0.999993934032706
mulcross,BNNDAD,1,64,,0.13119196891784668,0.19182753562927246,0.9999622109122988
mulcross,BNNDAD,1,128,,0.13156366348266602,0.25763702392578125,0.999940844368742
mulcross,BNNDAD,1,256,,0.13948774337768555,0.42719054222106934,0.999938277861149
mulcross,BNNDAD,1,512,,0.15575885772705078,0.7961161136627197,0.9998944834399561
mulcross,BNNDAD,1,1024,,0.2360701560974121,1.6605761051177979,0.9994914877433491
mulcross,BNNDAD,5,32,,0.1363530158996582,0.6527676582336426,0.999984486639513
mulcross,BNNDAD,5,64,,0.03709816932678223,0.9159891605377197,0.9999885811189294
mulcross,BNNDAD,5,128,,0.13567209243774414,1.2960288524627686,0.9999626369658178
mulcross,BNNDAD,5,256,,0.1383528709411621,2.033310651779175,0.9999445844233714
mulcross,BNNDAD,5,512,,0.15978240966796875,3.9148952960968018,0.9998792622535523
mulcross,BNNDAD,5,1024,,0.24268794059753418,8.19400954246521,0.9996403763899399
mulcross,BNNDAD,20,32,,0.15051031112670898,3.0067691802978516,0.9999945634924211
mulcross,BNNDAD,20,64,,0.14237523078918457,3.6520168781280518,0.9999888207437171
mulcross,BNNDAD,20,128,,0.15065717697143555,5.628981828689575,0.9999807722936158
mulcross,BNNDAD,20,256,,0.15427041053771973,9.546417236328125,0.999955792137119
mulcross,BNNDAD,20,512,,0.1735363006591797,17.183298349380493,0.9998963553267075
mulcross,BNNDAD,20,1024,,0.295748233795166,33.75983500480652,0.9995379225645289
mulcross,BNNDAD,50,32,,0.18549323081970215,7.27365255355835,0.9999893276423061
mulcross,BNNDAD,50,64,,0.06394267082214355,9.31911325454712,0.9999852750406358
mulcross,BNNDAD,50,128,,0.17496442794799805,14.258904933929443,0.9999809291330516
mulcross,BNNDAD,50,256,,0.17925000190734863,24.80485439300537,0.9999558283557104
mulcross,BNNDAD,50,512,,0.24909114837646484,43.83457684516907,0.9998863441199962
mulcross,BNNDAD,50,1024,,0.4917333126068115,84.9660131931305,0.9994319544039237
mulcross,BNNDAD,100,32,,0.10238361358642578,14.938536643981934,0.999990399001174
mulcross,BNNDAD,100,64,,0.21080660820007324,18.461777210235596,0.9999866219195025
mulcross,BNNDAD,100,128,,0.22085261344909668,28.11271572113037,0.9999821290355809
mulcross,BNNDAD,100,256,,0.22315597534179688,51.09943985939026,0.9999597005111843
mulcross,BNNDAD,100,512,,0.326845645904541,87.30597019195557,0.9998834096056445
mulcross,BNNDAD,100,1024,,0.817657470703125,180.19468545913696,0.9994526303688924
forestcover,BNNDAD,1,32,,0.14997553825378418,0.24343228340148926,0.874602451741874
forestcover,BNNDAD,1,64,,0.14249134063720703,0.2753758430480957,0.8928614578347258
forestcover,BNNDAD,1,128,,0.14554166793823242,0.3491203784942627,0.852316320415607
forestcover,BNNDAD,1,256,,0.1511237621307373,0.5562865734100342,0.8730567964371493
forestcover,BNNDAD,1,512,,0.16980433464050293,1.0199916362762451,0.869885714845154
forestcover,BNNDAD,1,1024,,0.25447916984558105,1.9836938381195068,0.8732607688349656
forestcover,BNNDAD,5,32,,0.1499159336090088,1.1501333713531494,0.8377715170606069
forestcover,BNNDAD,5,64,,0.15425467491149902,1.438232183456421,0.8602285327885472
forestcover,BNNDAD,5,128,,0.1468057632446289,1.676955223083496,0.8773562699305464
forestcover,BNNDAD,5,256,,0.1564781665802002,2.8690085411071777,0.8740714877040373
forestcover,BNNDAD,5,512,,0.17623281478881836,5.3264031410217285,0.8883241979389102
forestcover,BNNDAD,5,1024,,0.2698695659637451,10.076595306396484,0.8954308223308797
forestcover,BNNDAD,20,32,,0.15694808959960938,4.69359564781189,0.852971377931173
forestcover,BNNDAD,20,64,,0.16402149200439453,5.289326429367065,0.8823602453279984
forestcover,BNNDAD,20,128,,0.1607961654663086,6.839641094207764,0.8839811498032915
forestcover,BNNDAD,20,256,,0.16914081573486328,11.783244848251343,0.8802368414863468
forestcover,BNNDAD,20,512,,0.1852736473083496,20.815243005752563,0.8876563845189673
forestcover,BNNDAD,20,1024,,0.2824563980102539,40.38637709617615,0.8950584468098582
forestcover,BNNDAD,50,32,,0.19466567039489746,11.875321388244629,0.8654004153105046
forestcover,BNNDAD,50,64,,0.18704557418823242,13.05933141708374,0.8742358830035544
forestcover,BNNDAD,50,128,,0.1851041316986084,16.962323665618896,0.878635536669507
forestcover,BNNDAD,50,256,,0.200758695602417,29.128310203552246,0.8825045167010067
forestcover,BNNDAD,50,512,,0.2746148109436035,51.63412809371948,0.8870690847946489
forestcover,BNNDAD,50,1024,,0.5609519481658936,99.80663537979126,0.8942260928887064
forestcover,BNNDAD,100,32,,0.23589372634887695,24.448065757751465,0.8736357258621718
forestcover,BNNDAD,100,64,,0.2257835865020752,26.431358337402344,0.8710091262000292
forestcover,BNNDAD,100,128,,0.22803759574890137,33.7222204208374,0.8749745856883993
forestcover,BNNDAD,100,256,,0.24925661087036133,57.42895579338074,0.8819391745564201
forestcover,BNNDAD,100,512,,0.3660414218902588,110.8145260810852,0.8874508598765164
forestcover,BNNDAD,100,1024,,0.905517578125,220.71299648284912,0.8955259988274359
http_mat,BNNDAD,1,32,,0.14835166931152344,0.2771451473236084,0.9948655684485713
http_mat,BNNDAD,1,64,,0.13598060607910156,0.3519926071166992,0.9947197260958025
http_mat,BNNDAD,1,128,,0.13602900505065918,0.5460760593414307,0.9947869197828584
http_mat,BNNDAD,1,256,,0.1456460952758789,1.0830028057098389,0.9947669069742288
http_mat,BNNDAD,1,512,,0.15758204460144043,2.2467410564422607,0.9947899873520537
http_mat,BNNDAD,1,1024,,0.24721169471740723,4.655124664306641,0.9948071022119024
http_mat,BNNDAD,5,32,,0.14456868171691895,1.3857033252716064,0.9948131301373898
http_mat,BNNDAD,5,64,,0.1469736099243164,1.7596755027770996,0.9948099297522093
http_mat,BNNDAD,5,128,,0.1463792324066162,2.7367613315582275,0.9948117419703177
http_mat,BNNDAD,5,256,,0.1453859806060791,5.393561601638794,0.9948083135576933
http_mat,BNNDAD,5,512,,0.16646313667297363,11.23344111442566,0.9948131189360416
http_mat,BNNDAD,5,1024,,0.25202393531799316,23.36194133758545,0.9948181539420268
http_mat,BNNDAD,20,32,,0.1614530086517334,5.349550724029541,0.9948265749555328
http_mat,BNNDAD,20,64,,0.16126608848571777,6.866917848587036,0.9948130717303603
http_mat,BNNDAD,20,128,,0.16654229164123535,11.228973865509033,0.9948203590074162
http_mat,BNNDAD,20,256,,0.17234182357788086,21.525235176086426,0.994819949358113
http_mat,BNNDAD,20,512,,0.2034914493560791,41.58210587501526,0.9948219856031841
http_mat,BNNDAD,20,1024,,0.23357772827148438,70.36493849754333,0.9948247987417578
http_mat,BNNDAD,50,32,,0.18543004989624023,12.958536624908447,0.9948098065373799
http_mat,BNNDAD,50,64,,0.1936476230621338,16.563348293304443,0.994812227628769
http_mat,BNNDAD,50,128,,0.19743990898132324,26.056731700897217,0.9948200405690907
http_mat,BNNDAD,50,256,,0.21843957901000977,44.124499797821045,0.9948231257404045
http_mat,BNNDAD,50,512,,0.2735424041748047,85.13110971450806,0.9948236914084853
http_mat,BNNDAD,50,1024,,0.5467686653137207,178.1819236278534,0.9948247147316468
http_mat,BNNDAD,100,32,,0.24486351013183594,25.400076150894165,0.9948210022848374
http_mat,BNNDAD,100,64,,0.15885567665100098,34.199161767959595,0.9948285631948262
http_mat,BNNDAD,100,128,,0.29110050201416016,55.06970429420471,0.9948198277434761
http_mat,BNNDAD,100,256,,0.31650280952453613,107.27743196487427,0.9948214503387627
http_mat,BNNDAD,100,512,,0.41658663749694824,203.15071964263916,0.9948235961970261
http_mat,BNNDAD,100,1024,,0.8763322830200195,357.8033986091614,0.9948179243143901
