11_donors,IF,100,,,6.388587474822998,18.7080078125,0.7754045818411968
11_donors,IF,300,,,14.033477306365967,51.920533418655396,0.7781613378439003
11_donors,IF,500,,,19.77464532852173,79.51265597343445,0.7781613378439003
12_fault,IF,100,,,0.1250755786895752,0.08640384674072266,0.5748109833552857
12_fault,IF,300,,,0.37099695205688477,0.25050926208496094,0.5748109833552857
12_fault,IF,500,,,0.6200253963470459,0.42365598678588867,0.5748109833552857
13_fraud,IF,100,,,4.5029284954071045,8.245074272155762,0.9495538842538241
13_fraud,IF,300,,,12.519845485687256,22.732689380645752,0.9495538842538241
13_fraud,IF,500,,,21.2179012298584,37.53855323791504,0.9495538842538241
1_ALOI,IF,100,,,0.5300238132476807,0.985227108001709,0.5406219301967402
1_ALOI,IF,300,,,1.7754967212677002,3.1065688133239746,0.542339356190905
1_ALOI,IF,500,,,2.4749701023101807,5.234331369400024,0.5435888865900556
33_skin,IF,100,,,0.5082027912139893,3.622378349304199,0.6663909741715708
33_skin,IF,300,,,1.4213073253631592,10.075608491897583,0.6680058804185033
33_skin,IF,500,,,2.419262170791626,17.36978793144226,0.6680058804185033
3_backdoor,IF,100,,,10.26799464225769,10.794415473937988,0.7515633642201878
3_backdoor,IF,300,,,31.17256188392639,31.905322074890137,0.7515633642201878
3_backdoor,IF,500,,,51.57911252975464,53.00297427177429,0.7515633642201878
5_campaign,IF,100,,,1.032555341720581,1.6046507358551025,0.6915931499388617
5_campaign,IF,300,,,2.8343939781188965,4.73479700088501,0.7210270952134747
5_campaign,IF,500,,,5.059366226196289,9.020507574081421,0.7210270952134747
8_celeba,IF,100,,,4.0648510456085205,7.1623756885528564,0.6910809297734777
8_celeba,IF,300,,,12.010884523391724,22.08599853515625,0.6941671951888588
8_celeba,IF,500,,,20.03113627433777,36.572545528411865,0.6967927693811176
9_census,IF,100,,,81.27419781684875,79.22293591499329,0.6103285069633432
9_census,IF,300,,,243.60449266433716,236.11796617507935,0.61915763005607
9_census,IF,500,,,530.8230040073395,516.9916219711304,0.61915763005607
11_donors,LOF,50,,,1379.6867742538452,0.004930257797241211,0.6225398079546288
11_donors,LOF,100,,,1325.23007106781,0.0035104751586914062,0.6487779224028891
11_donors,LOF,150,,,1203.280433177948,0.0032427310943603516,0.6546614244566941
11_donors,LOF,200,,,1024.8173656463623,0.0031528472900390625,0.6676891122692008
11_donors,LOF,250,,,1088.6614437103271,0.0033168792724609375,0.6817710068646247
11_donors,LOF,300,,,1149.1014833450317,0.003194093704223633,0.6617871410000551
11_donors,LOF,350,,,1084.5784542560577,0.003595590591430664,0.6482649739281492
11_donors,LOF,400,,,1107.778222322464,0.0031599998474121094,0.659173395018447
11_donors,LOF,450,,,1123.1773092746735,0.003255605697631836,0.6579919346725259
11_donors,LOF,500,,,1149.7617819309235,0.0032892227172851562,0.6524257486313235
11_donors,LOF,550,,,1166.1040205955505,0.0034606456756591797,0.6389014520075726
11_donors,LOF,600,,,1266.5998380184174,0.003123044967651367,0.6159382885709935
11_donors,LOF,650,,,1315.262202501297,0.003221273422241211,0.5972659851741056
11_donors,LOF,700,,,1216.1484169960022,0.003133535385131836,0.6292552483212352
11_donors,LOF,750,,,1320.6256773471832,0.0034351348876953125,0.6210966155573225
11_donors,LOF,800,,,1300.9728753566742,0.0031766891479492188,0.6056540372493346
11_donors,LOF,850,,,1303.3845450878143,0.003107786178588867,0.5925778213562815
11_donors,LOF,900,,,1325.231255531311,0.0030727386474609375,0.5791398191677327
11_donors,LOF,950,,,1442.1645302772522,0.003429412841796875,0.5561186817662769
11_donors,LOF,1000,,,1693.0302753448486,0.003992795944213867,0.5500709297886544
12_fault,LOF,50,,,0.1691734790802002,0.0006346702575683594,0.5982546720977215
12_fault,LOF,100,,,0.09738588333129883,0.0004515647888183594,0.600251475337605
12_fault,LOF,150,,,0.10480380058288574,0.0004458427429199219,0.5836196511687861
12_fault,LOF,200,,,0.1169290542602539,0.0004456043243408203,0.5975820400204368
12_fault,LOF,250,,,0.12547707557678223,0.000446319580078125,0.5966621512039411
12_fault,LOF,300,,,0.13660407066345215,0.0004515647888183594,0.595011038665798
12_fault,LOF,350,,,0.14572477340698242,0.0004584789276123047,0.5847867967244927
12_fault,LOF,400,,,0.15546250343322754,0.0004572868347167969,0.5668120520668789
12_fault,LOF,450,,,0.16785335540771484,0.0005385875701904297,0.5420465358276187
12_fault,LOF,500,,,0.17895150184631348,0.0006422996520996094,0.5239288275577596
12_fault,LOF,550,,,0.17902565002441406,0.00046181678771972656,0.5071997412592985
12_fault,LOF,600,,,0.19689035415649414,0.0004513263702392578,0.5003316287070934
12_fault,LOF,650,,,0.24322128295898438,0.0004284381866455078,0.5003726428581473
12_fault,LOF,700,,,0.2219524383544922,0.00043511390686035156,0.5029178638892664
12_fault,LOF,750,,,0.23842072486877441,0.0004639625549316406,0.5077610492122939
12_fault,LOF,800,,,0.2429652214050293,0.0004169940948486328,0.5150521934367984
12_fault,LOF,850,,,0.248978853225708,0.00037980079650878906,0.5234929057237006
12_fault,LOF,900,,,0.2514462471008301,0.0003314018249511719,0.5280138370027327
12_fault,LOF,950,,,0.26993584632873535,0.0003829002380371094,0.528276327569478
12_fault,LOF,1000,,,0.2631673812866211,0.0003352165222167969,0.5272615202891147
13_fraud,LOF,50,,,2038.9240856170654,0.0030226707458496094,0.49556160442106684
13_fraud,LOF,100,,,1870.9146676063538,0.0032312870025634766,0.5705003496493998
13_fraud,LOF,150,,,1880.223358631134,0.002203226089477539,0.6799026443388609
13_fraud,LOF,200,,,2000.543125152588,0.003130674362182617,0.7678094718885743
13_fraud,LOF,250,,,1873.36594247818,0.0027010440826416016,0.8342978681180513
13_fraud,LOF,300,,,1886.2144956588745,0.002242565155029297,0.8865063569563646
13_fraud,LOF,350,,,1910.1832554340363,0.002050638198852539,0.9193624985684463
13_fraud,LOF,400,,,1376.3940110206604,0.0026090145111083984,0.9391052006469979
13_fraud,LOF,450,,,1185.1047689914703,0.003658294677734375,0.9477793509975266
13_fraud,LOF,500,,,1197.5217499732971,0.002713918685913086,0.9530667562272408
13_fraud,LOF,550,,,1193.4400713443756,0.002139568328857422,0.9551202583759653
13_fraud,LOF,600,,,1192.9379217624664,0.0021419525146484375,0.9561770988865123
13_fraud,LOF,650,,,1201.8715386390686,0.0027196407318115234,0.956918861751444
13_fraud,LOF,700,,,1203.411009311676,0.0020101070404052734,0.957522816571394
13_fraud,LOF,750,,,1207.4758183956146,0.0030946731567382812,0.9580734768447169
13_fraud,LOF,800,,,1207.3157560825348,0.0025205612182617188,0.9585740023553974
13_fraud,LOF,850,,,1209.426739692688,0.0019354820251464844,0.95899298113323
13_fraud,LOF,900,,,1208.7381262779236,0.0028324127197265625,0.9595258408135142
13_fraud,LOF,950,,,1222.6255822181702,0.0023725032806396484,0.9599736150888406
13_fraud,LOF,1000,,,1217.7552967071533,0.0030269622802734375,0.9603370402889615
1_ALOI,LOF,50,,,26.46872329711914,0.0007996559143066406,0.7353032331845891
1_ALOI,LOF,100,,,30.362863779067993,0.0007083415985107422,0.6985577192327632
1_ALOI,LOF,150,,,28.44511890411377,0.0008251667022705078,0.6591252765273806
1_ALOI,LOF,200,,,32.919182538986206,0.0012717247009277344,0.6374579402779286
1_ALOI,LOF,250,,,27.962836742401123,0.0007555484771728516,0.6229204318041256
1_ALOI,LOF,300,,,28.08207654953003,0.0008962154388427734,0.6126500085442225
1_ALOI,LOF,350,,,31.51054048538208,0.0007436275482177734,0.6055498121541371
1_ALOI,LOF,400,,,35.93547320365906,0.0009243488311767578,0.5999708684542115
1_ALOI,LOF,450,,,36.65946388244629,0.0008456707000732422,0.5957843789521171
1_ALOI,LOF,500,,,34.3259551525116,0.0008902549743652344,0.5927258704143568
1_ALOI,LOF,550,,,37.14429759979248,0.0008490085601806641,0.5898544427913218
1_ALOI,LOF,600,,,30.70268225669861,0.0007829666137695312,0.5878831271876275
1_ALOI,LOF,650,,,31.779350519180298,0.0009765625,0.5858943171918041
1_ALOI,LOF,700,,,30.17936134338379,0.0007297992706298828,0.5842301821261494
1_ALOI,LOF,750,,,31.632384538650513,0.0008645057678222656,0.5831508043664677
1_ALOI,LOF,800,,,36.36800289154053,0.0013132095336914062,0.5820568318376618
1_ALOI,LOF,850,,,32.77227520942688,0.0007450580596923828,0.581481090978461
1_ALOI,LOF,900,,,35.14915060997009,0.0014195442199707031,0.5809224164718028
1_ALOI,LOF,950,,,40.54881286621094,0.0009255409240722656,0.5804641103442973
1_ALOI,LOF,1000,,,34.21636605262756,0.0014159679412841797,0.5801366600606812
33_skin,LOF,50,,,2.8394148349761963,0.0021529197692871094,0.5577862384381134
33_skin,LOF,100,,,4.971402883529663,0.001898050308227539,0.5321923433214266
33_skin,LOF,150,,,7.256932973861694,0.0015611648559570312,0.5232600264189714
33_skin,LOF,200,,,9.772704124450684,0.0015060901641845703,0.5037274050599767
33_skin,LOF,250,,,12.34871768951416,0.001750946044921875,0.4892711682081132
33_skin,LOF,300,,,15.025222301483154,0.0015392303466796875,0.47868609092817294
33_skin,LOF,350,,,17.898149251937866,0.0019199848175048828,0.466178221513445
33_skin,LOF,400,,,20.699090003967285,0.0017325878143310547,0.4608685012010857
33_skin,LOF,450,,,23.888866662979126,0.001870870590209961,0.453480747073681
33_skin,LOF,500,,,26.52045512199402,0.0018668174743652344,0.44902068771444914
33_skin,LOF,550,,,29.487541913986206,0.0017726421356201172,0.4435855440336631
33_skin,LOF,600,,,31.94783353805542,0.0016460418701171875,0.43748331217849823
33_skin,LOF,650,,,34.89363622665405,0.0018091201782226562,0.430520653291773
33_skin,LOF,700,,,38.05056285858154,0.0014498233795166016,0.4313717406805579
33_skin,LOF,750,,,41.19296383857727,0.001790761947631836,0.43354521041703464
33_skin,LOF,800,,,43.57341766357422,0.0017578601837158203,0.4236192655294756
33_skin,LOF,850,,,46.30323266983032,0.001787424087524414,0.4228963458423326
33_skin,LOF,900,,,49.11904525756836,0.0017333030700683594,0.41451549027123286
33_skin,LOF,950,,,52.11171579360962,0.0017695426940917969,0.4142380544335263
33_skin,LOF,1000,,,54.91375660896301,0.0017502307891845703,0.41225014323541226
3_backdoor,LOF,50,,,130.60375094413757,0.0011606216430664062,0.7825400998167104
3_backdoor,LOF,100,,,131.94122886657715,0.0017476081848144531,0.7827952603221651
3_backdoor,LOF,150,,,129.65031504631042,0.0009770393371582031,0.808113678859818
3_backdoor,LOF,200,,,134.17819094657898,0.0012509822845458984,0.8059327506844507
3_backdoor,LOF,250,,,133.3465611934662,0.0012423992156982422,0.7964697687410259
3_backdoor,LOF,300,,,136.84475898742676,0.0012059211730957031,0.7771207011177441
3_backdoor,LOF,350,,,136.7217001914978,0.0013744831085205078,0.7561702401233626
3_backdoor,LOF,400,,,135.24937319755554,0.0013217926025390625,0.740301964016122
3_backdoor,LOF,450,,,140.36154007911682,0.0009779930114746094,0.7313990890917235
3_backdoor,LOF,500,,,137.74749779701233,0.0009262561798095703,0.7229782291536817
3_backdoor,LOF,550,,,139.24152183532715,0.001001596450805664,0.7211757226554385
3_backdoor,LOF,600,,,142.17566418647766,0.0014891624450683594,0.7149031334690693
3_backdoor,LOF,650,,,139.70370221138,0.0011913776397705078,0.7117975410555086
3_backdoor,LOF,700,,,140.58654284477234,0.0011050701141357422,0.708373149212593
3_backdoor,LOF,750,,,143.17508006095886,0.0011243820190429688,0.7044954085236638
3_backdoor,LOF,800,,,142.42892861366272,0.0013210773468017578,0.6923540630756659
3_backdoor,LOF,850,,,143.78784370422363,0.0010323524475097656,0.8240377244375499
3_backdoor,LOF,900,,,143.41134881973267,0.0013802051544189453,0.8808202375840848
3_backdoor,LOF,950,,,146.15630531311035,0.0013232231140136719,0.9037038832486137
3_backdoor,LOF,1000,,,144.0899498462677,0.0009179115295410156,0.9124814286439794
5_campaign,LOF,50,,,23.727612257003784,0.0006215572357177734,0.5989562438908869
5_campaign,LOF,100,,,23.546406507492065,0.0005850791931152344,0.5897004423563911
5_campaign,LOF,150,,,24.49252462387085,0.0006163120269775391,0.5939481540336184
5_campaign,LOF,200,,,25.590404272079468,0.0005180835723876953,0.6159479043619539
5_campaign,LOF,250,,,25.579609394073486,0.0006310939788818359,0.6408098242556789
5_campaign,LOF,300,,,26.431630611419678,0.00064849853515625,0.6569905825310504
5_campaign,LOF,350,,,25.58169412612915,0.0006325244903564453,0.6634659356802391
5_campaign,LOF,400,,,27.69068717956543,0.0008358955383300781,0.6687430594343575
5_campaign,LOF,450,,,26.905022382736206,0.0005350112915039062,0.6680489439018314
5_campaign,LOF,500,,,27.103712797164917,0.0006372928619384766,0.6677082193280071
5_campaign,LOF,550,,,26.89798903465271,0.0005376338958740234,0.668937353994558
5_campaign,LOF,600,,,28.920889616012573,0.0008966922760009766,0.6701285248874413
5_campaign,LOF,650,,,27.211554288864136,0.0012621879577636719,0.6712611933574364
5_campaign,LOF,700,,,28.08228588104248,0.0006632804870605469,0.6722924717801435
5_campaign,LOF,750,,,28.33198618888855,0.001092672348022461,0.6731363077558845
5_campaign,LOF,800,,,28.104434728622437,0.0006194114685058594,0.6738380360923566
5_campaign,LOF,850,,,28.19359850883484,0.0008132457733154297,0.6745575433629087
5_campaign,LOF,900,,,27.940203428268433,0.0006403923034667969,0.6754520625686391
5_campaign,LOF,950,,,29.370803356170654,0.0006422996520996094,0.6757253687168127
5_campaign,LOF,1000,,,30.511773109436035,0.0008020401000976562,0.6763891627637532
8_celeba,LOF,50,,,677.3296589851379,0.0014619827270507812,0.4117802980533364
8_celeba,LOF,100,,,687.9639782905579,0.0019104480743408203,0.40565520085580775
8_celeba,LOF,150,,,666.6444807052612,0.0018393993377685547,0.4194968338438471
8_celeba,LOF,200,,,668.8465414047241,0.0015301704406738281,0.4126288216349745
8_celeba,LOF,250,,,673.6515939235687,0.0015709400177001953,0.40583661540332683
8_celeba,LOF,300,,,663.1592524051666,0.0015895366668701172,0.40526242036849514
8_celeba,LOF,350,,,683.0035319328308,0.002123594284057617,0.4109650871713938
8_celeba,LOF,400,,,661.1515421867371,0.0015037059783935547,0.4122860548924887
8_celeba,LOF,450,,,671.9272437095642,0.0017459392547607422,0.4132819180036338
8_celeba,LOF,500,,,659.710905790329,0.0015294551849365234,0.4108211056179824
8_celeba,LOF,550,,,651.9625866413116,0.002711772918701172,0.41423787183538907
8_celeba,LOF,600,,,660.3398761749268,0.0016169548034667969,0.4202093660562655
8_celeba,LOF,650,,,662.1557049751282,0.002172708511352539,0.42587555428980983
8_celeba,LOF,700,,,658.6934163570404,0.002087116241455078,0.42931469813098555
8_celeba,LOF,750,,,659.531163930893,0.0016756057739257812,0.43422454444579184
8_celeba,LOF,800,,,772.2476949691772,0.002132892608642578,0.43756123559235593
11_donors,KNN,50,,,1.161029577255249,1323.1973197460175,0.7334815404368755
11_donors,KNN,100,,,1.161029577255249,1343.2465336322784,0.7730201210292206
11_donors,KNN,150,,,1.161029577255249,1386.7376825809479,0.7885016307701398
11_donors,KNN,200,,,1.161029577255249,1423.9331231117249,0.7987812324155867
11_donors,KNN,250,,,1.161029577255249,1376.1095032691956,0.8012313051330037
11_donors,KNN,300,,,1.161029577255249,1405.3496453762054,0.8071839716260066
11_donors,KNN,350,,,1.161029577255249,1515.5209317207336,0.8099282555846508
11_donors,KNN,400,,,1.161029577255249,1311.2199449539185,0.8103150051380427
11_donors,KNN,450,,,1.161029577255249,1161.3280365467072,0.8095238358215823
11_donors,KNN,500,,,1.161029577255249,1180.4520344734192,0.811215348603221
11_donors,KNN,550,,,1.161029577255249,1200.865935087204,0.8190992471338385
11_donors,KNN,600,,,1.161029577255249,1222.2141060829163,0.8200259523389142
11_donors,KNN,650,,,1.161029577255249,1251.6588604450226,0.8182132787105276
11_donors,KNN,700,,,1.161029577255249,1271.8012311458588,0.8186940889135484
11_donors,KNN,750,,,1.161029577255249,1294.5458581447601,0.8171840680546615
11_donors,KNN,800,,,1.161029577255249,1281.743358373642,0.8156664621123642
11_donors,KNN,850,,,1.161029577255249,1305.9747560024261,0.8144003255175915
11_donors,KNN,900,,,1.161029577255249,1332.9723825454712,0.8217322069129868
11_donors,KNN,950,,,1.161029577255249,1356.6481478214264,0.8202299009543058
11_donors,KNN,1000,,,1.161029577255249,1380.3497986793518,0.8183683864507161
12_fault,KNN,50,,,0.003103017807006836,0.259446382522583,0.7523799925940162
12_fault,KNN,100,,,0.003103017807006836,0.09850192070007324,0.6972136157606836
12_fault,KNN,150,,,0.003103017807006836,0.11741352081298828,0.6625853680258366
12_fault,KNN,200,,,0.003103017807006836,0.1342451572418213,0.6376516937672552
12_fault,KNN,250,,,0.003103017807006836,0.15254950523376465,0.6260974214989149
12_fault,KNN,300,,,0.003103017807006836,0.163651704788208,0.6177252614359172
12_fault,KNN,350,,,0.003103017807006836,0.1821422576904297,0.5691311093507577
12_fault,KNN,400,,,0.003103017807006836,0.19528722763061523,0.5595964910636024
12_fault,KNN,450,,,0.003103017807006836,0.21288156509399414,0.5415244842763463
12_fault,KNN,500,,,0.003103017807006836,0.22471332550048828,0.5154717096104359
12_fault,KNN,550,,,0.003103017807006836,0.24029541015625,0.4952681388012618
12_fault,KNN,600,,,0.003103017807006836,0.2502710819244385,0.48257250130073454
12_fault,KNN,650,,,0.003103017807006836,0.2712528705596924,0.4707117947323768
12_fault,KNN,700,,,0.003103017807006836,0.28348278999328613,0.46615453663383977
12_fault,KNN,750,,,0.003103017807006836,0.2932558059692383,0.4629929315040241
12_fault,KNN,800,,,0.003103017807006836,0.3032410144805908,0.4612363540060279
12_fault,KNN,850,,,0.003103017807006836,0.312971830368042,0.46112385804885136
12_fault,KNN,900,,,0.003103017807006836,0.3230113983154297,0.461170145447898
12_fault,KNN,950,,,0.003103017807006836,0.3321540355682373,0.4631024978789825
12_fault,KNN,1000,,,0.003103017807006836,0.3417987823486328,0.4637505214656348
13_fraud,KNN,50,,,1.2688531875610352,1332.7792539596558,0.9626284198406411
13_fraud,KNN,100,,,1.2688531875610352,1795.2601854801178,0.9610365392558836
13_fraud,KNN,150,,,1.2688531875610352,2129.77285695076,0.9597983364380713
13_fraud,KNN,200,,,1.2688531875610352,2398.5039498806,0.9587937360213515
13_fraud,KNN,250,,,1.2688531875610352,2627.6097474098206,0.9583604810249252
13_fraud,KNN,300,,,1.2688531875610352,2826.632717847824,0.9581005780688974
13_fraud,KNN,350,,,1.2688531875610352,3004.683322906494,0.9578927901021268
13_fraud,KNN,400,,,1.2688531875610352,3166.4988052845,0.9576278972609821
13_fraud,KNN,450,,,1.2688531875610352,3313.3857464790344,0.9574021585756896
13_fraud,KNN,500,,,1.2688531875610352,3449.4855268001556,0.9572076888839514
11_donors,OCSVM,0.001,,,39073.37667250633,10738.490926742554,0.7438720393602318
13_fraud,KNN,550,,,1.2688531875610352,3572.506666660309,0.9571102574451873
13_fraud,KNN,600,,,1.2688531875610352,3683.6926724910736,0.9569706335967393
13_fraud,KNN,650,,,1.2688531875610352,3797.3437628746033,0.9568649667028827
13_fraud,KNN,700,,,1.2688531875610352,3899.2465755939484,0.9567418137646195
13_fraud,KNN,750,,,1.2688531875610352,4000.603059530258,0.9566743001900588
13_fraud,KNN,800,,,1.2688531875610352,4150.653799295425,0.9565773906160707
13_fraud,KNN,850,,,1.2688531875610352,4660.13499379158,0.956507217675803
13_fraud,KNN,900,,,1.2688531875610352,4428.259247779846,0.9564154767077453
13_fraud,KNN,950,,,1.2688531875610352,4460.566685438156,0.9563298050985188
13_fraud,KNN,1000,,,1.2688531875610352,4538.300999164581,0.9562738297396867
1_ALOI,KNN,50,,,0.13305020332336426,23.95474362373352,0.5925185887926975
1_ALOI,KNN,100,,,0.13305020332336426,30.084348678588867,0.5638581074729526
1_ALOI,KNN,150,,,0.13305020332336426,34.44985032081604,0.5551435804942526
1_ALOI,KNN,200,,,0.13305020332336426,37.74959087371826,0.5512154750173452
1_ALOI,KNN,250,,,0.13305020332336426,40.31659126281738,0.5491085468072611
1_ALOI,KNN,300,,,0.13305020332336426,42.90188407897949,0.5477310670910904
1_ALOI,KNN,350,,,0.13305020332336426,45.013712644577026,0.5466333112446496
1_ALOI,KNN,400,,,0.13305020332336426,47.06673288345337,0.5458020583678094
1_ALOI,KNN,450,,,0.13305020332336426,49.19523286819458,0.5450328781348652
1_ALOI,KNN,500,,,0.13305020332336426,51.10124754905701,0.5444732923181199
1_ALOI,KNN,550,,,0.13305020332336426,52.5640172958374,0.5439663139473192
1_ALOI,KNN,600,,,0.13305020332336426,54.621429204940796,0.5436012721226047
1_ALOI,KNN,650,,,0.13305020332336426,56.253714084625244,0.5432951685873953
1_ALOI,KNN,700,,,0.13305020332336426,57.761223793029785,0.543090531145762
1_ALOI,KNN,750,,,0.13305020332336426,59.59440851211548,0.5428818342319219
1_ALOI,KNN,800,,,0.13305020332336426,59.5885591506958,0.5426562090428251
1_ALOI,KNN,850,,,0.13305020332336426,60.37727332115173,0.5424875269264515
1_ALOI,KNN,900,,,0.13305020332336426,61.69098496437073,0.5423101459410635
1_ALOI,KNN,950,,,0.13305020332336426,63.031330585479736,0.5421689135891357
1_ALOI,KNN,1000,,,0.13305020332336426,64.47085738182068,0.5420263487913985
33_skin,KNN,50,,,0.11409258842468262,2.379585027694702,0.7181610964728349
33_skin,KNN,100,,,0.11409258842468262,4.149121999740601,0.7225235592734535
33_skin,KNN,150,,,0.11409258842468262,6.127068281173706,0.7228882078540245
33_skin,KNN,200,,,0.11409258842468262,8.371551275253296,0.7235904177730316
33_skin,KNN,250,,,0.11409258842468262,10.5213623046875,0.723900975652243
33_skin,KNN,300,,,0.11409258842468262,12.867241621017456,0.7205165604556859
11_donors,PID,50,3,,2.784911632537842,108.07013297080994,0.6423663286387228
33_skin,KNN,350,,,0.11409258842468262,15.241314888000488,0.7187644626575589
33_skin,KNN,400,,,0.11409258842468262,17.732012271881104,0.7188113586092248
33_skin,KNN,450,,,0.11409258842468262,20.374802112579346,0.7189664410260204
33_skin,KNN,500,,,0.11409258842468262,22.79987072944641,0.7194402815172469
33_skin,KNN,550,,,0.11409258842468262,25.58412480354309,0.7202316969467383
11_donors,PID,50,4,,2.724492311477661,106.83524870872498,0.6617787245561372
33_skin,KNN,600,,,0.11409258842468262,28.090179920196533,0.7205964459149268
33_skin,KNN,650,,,0.11409258842468262,30.776901960372925,0.7211135682517033
33_skin,KNN,700,,,0.11409258842468262,33.54474425315857,0.7208207243068142
11_donors,PID,50,5,,2.7340404987335205,108.99345922470093,0.7708660170943094
33_skin,KNN,750,,,0.11409258842468262,36.13632130622864,0.7212546847410733
33_skin,KNN,800,,,0.11409258842468262,38.73764634132385,0.7210212893006395
33_skin,KNN,850,,,0.11409258842468262,41.49928832054138,0.7218133955467892
11_donors,PID,50,6,,2.8139543533325195,108.00783324241638,0.7049747466098641
33_skin,KNN,900,,,0.11409258842468262,44.027326822280884,0.7221717400583267
33_skin,KNN,950,,,0.11409258842468262,46.78024363517761,0.7225130011588805
33_skin,KNN,1000,,,0.11409258842468262,49.49750757217407,0.7232599170810101
11_donors,PID,100,3,,4.069432973861694,129.99329924583435,0.6702766101269082
11_donors,PID,100,4,,4.089874267578125,131.8345069885254,0.687296327289133
11_donors,PID,100,5,,4.072814464569092,129.4773724079132,0.6998918715860052
3_backdoor,KNN,50,,,2.5451321601867676,373.4758174419403,0.7511781765213738
11_donors,PID,100,6,,4.09934401512146,131.19955015182495,0.7209312570359395
11_donors,PID,200,3,,6.0056047439575195,156.80607104301453,0.640920212125685
11_donors,PID,200,4,,6.202293395996094,153.60027050971985,0.6039641588080897
3_backdoor,KNN,100,,,2.5451321601867676,423.6617341041565,0.7585202334289025
11_donors,PID,200,5,,6.220065355300903,152.70390057563782,0.6070366420696669
11_donors,PID,200,6,,6.341562986373901,156.5881073474884,0.663904350594772
3_backdoor,KNN,150,,,2.5451321601867676,438.9019618034363,0.7592740965941357
11_donors,PID,400,3,,8.727833986282349,164.9758529663086,0.6029809310240484
11_donors,PID,400,4,,9.528468132019043,170.68530559539795,0.594186222727331
11_donors,PID,400,5,,9.880921602249146,177.61722016334534,0.6260375994672515
3_backdoor,KNN,200,,,2.5451321601867676,465.595498085022,0.7574082835865686
11_donors,PID,400,6,,10.105646848678589,177.99746823310852,0.6403429655298194
11_donors,PID,600,3,,10.939786672592163,172.16864013671875,0.5473713891887176
11_donors,PID,600,4,,11.99652910232544,181.18026518821716,0.5949333622917287
3_backdoor,KNN,250,,,2.5451321601867676,482.2459545135498,0.7571948134092347
11_donors,PID,600,5,,12.974744081497192,186.28737497329712,0.6361530386217672
11_donors,PID,600,6,,13.37301778793335,195.28983974456787,0.6530545612264859
3_backdoor,KNN,300,,,2.5451321601867676,496.8112416267395,0.7571522828109346
11_donors,PID,800,3,,12.569887638092041,177.50871086120605,0.5558094543242692
11_donors,PID,800,4,,14.035462141036987,187.91753029823303,0.6117099454762163
11_donors,PID,800,5,,15.655205965042114,197.82517623901367,0.6120738608326243
3_backdoor,KNN,350,,,2.5451321601867676,511.11637806892395,0.7600361731695269
11_donors,PID,800,6,,16.115978002548218,197.44273495674133,0.6217832338675001
11_donors,PID,1000,3,,13.790482759475708,178.90954065322876,0.5444162614562282
3_backdoor,KNN,400,,,2.5451321601867676,524.7279257774353,0.7624296435315355
11_donors,PID,1000,4,,16.084535121917725,190.45679783821106,0.5922791472039035
11_donors,PID,1000,5,,17.823025226593018,198.55328798294067,0.6183103572441524
11_donors,OCSVM,0.01,,,32978.02992796898,11669.080446004868,0.7418157564137671
11_donors,PID,1000,6,,18.72927451133728,203.58605909347534,0.6081947088351545
12_fault,PID,50,3,,10.336669683456421,0.4613313674926758,0.5041383278413433
3_backdoor,KNN,450,,,2.5451321601867676,538.4658346176147,0.7653286610617875
12_fault,PID,50,4,,10.43212890625,0.42083120346069336,0.521319741634285
12_fault,PID,50,5,,10.650754928588867,0.41174769401550293,0.5310652898411463
12_fault,PID,50,6,,10.971235752105713,0.4088594913482666,0.5217251958132755
12_fault,PID,100,3,,25.025521993637085,0.5793609619140625,0.5602527174804656
12_fault,PID,100,4,,26.916689157485962,0.5616569519042969,0.555411289906769
12_fault,PID,100,5,,28.444494485855103,0.5479609966278076,0.5882894052244998
12_fault,PID,100,6,,29.25179433822632,0.5482523441314697,0.5654339765914662
12_fault,PID,200,3,,56.4902241230011,0.6703841686248779,0.5566891736703212
12_fault,PID,200,4,,66.78134894371033,0.703563928604126,0.5575194172709419
12_fault,PID,200,5,,72.89827680587769,0.7036001682281494,0.6103720100683883
12_fault,PID,200,6,,76.47067904472351,0.7079918384552002,0.5793688273702664
12_fault,PID,400,3,,125.03016662597656,0.7190055847167969,0.5886503297537744
3_backdoor,KNN,500,,,2.5451321601867676,551.856173992157,0.7694403061907596
12_fault,PID,400,4,,160.4678111076355,0.8332924842834473,0.6158181034119086
12_fault,PID,400,6,,207.71688222885132,0.9278843402862549,0.5805260123464313
3_backdoor,KNN,550,,,2.5451321601867676,569.7521951198578,0.7755854467051714
12_fault,PID,600,3,,199.84328174591064,0.7482483386993408,0.5977003951420496
12_fault,PID,600,4,,255.19868779182434,0.9128341674804688,0.5992952597016045
12_fault,PID,600,5,,313.8097951412201,1.0006859302520752,0.6222631842918145
3_backdoor,KNN,600,,,2.5451321601867676,590.1812670230865,0.7840161567334728
12_fault,PID,800,3,,279.2292745113373,0.9782993793487549,0.6293504295939365
3_backdoor,KNN,650,,,2.5451321601867676,632.2798988819122,0.7944055388578789
12_fault,PID,800,4,,377.49924635887146,1.0070016384124756,0.630164853450579
3_backdoor,KNN,700,,,2.5451321601867676,640.1449778079987,0.8137042664487504
12_fault,PID,1000,3,,360.1104691028595,0.7660014629364014,0.6153388237610211
3_backdoor,KNN,750,,,2.5451321601867676,659.331029176712,0.8487813289196064
12_fault,PID,1000,4,,479.71147418022156,0.9827151298522949,0.6691312265340464
3_backdoor,KNN,800,,,2.5451321601867676,662.8617622852325,0.9220417826655032
13_fraud,PID,50,3,,16.43515133857727,98.25364589691162,0.937829348502584
13_fraud,PID,50,4,,20.163136959075928,89.43200063705444,0.940126722350353
13_fraud,PID,50,5,,16.90396022796631,79.77596974372864,0.9312072383645245
13_fraud,PID,50,6,,16.59273862838745,73.12601470947266,0.9203513286605705
13_fraud,PID,100,3,,36.62165594100952,106.32159924507141,0.9518613987205592
3_backdoor,KNN,850,,,2.5451321601867676,670.5720961093903,0.9328448339543023
13_fraud,PID,100,4,,48.18110275268555,117.68200469017029,0.9529000454522772
13_fraud,PID,100,5,,51.10104250907898,115.56005907058716,0.9504391456344439
13_fraud,PID,100,6,,51.571727991104126,109.04554176330566,0.9528566341666441
13_fraud,PID,200,3,,79.71250009536743,112.41216444969177,0.9478151630741638
3_backdoor,KNN,900,,,2.5451321601867676,660.5805819034576,0.9320789923221466
13_fraud,PID,200,4,,116.72396731376648,138.88121342658997,0.9512524933340711
13_fraud,PID,200,5,,145.92049074172974,154.35067486763,0.9506223380428412
3_backdoor,KNN,950,,,2.5451321601867676,703.1523840427399,0.931651726478206
13_fraud,PID,400,3,,174.341215133667,121.46641373634338,0.9429407995168532
13_fraud,PID,400,4,,274.2021987438202,165.4745318889618,0.9514399035536705
3_backdoor,KNN,1000,,,2.5451321601867676,746.4090406894684,0.9313257939860664
5_campaign,KNN,50,,,0.36994361877441406,320.7788577079773,0.7212616592067871
13_fraud,PID,400,5,,423.912362575531,204.13362669944763,0.9526560343509982
5_campaign,KNN,100,,,0.36994361877441406,362.8567841053009,0.7163091557913447
5_campaign,KNN,150,,,0.36994361877441406,372.08085775375366,0.7176155742754922
13_fraud,PID,400,6,,480.655100107193,237.08057522773743,0.953858471559585
5_campaign,KNN,200,,,0.36994361877441406,369.6309916973114,0.7197818769506704
13_fraud,PID,600,3,,330.180570602417,159.98995447158813,0.9367511651524724
5_campaign,KNN,250,,,0.36994361877441406,339.5002739429474,0.7189983183428124
5_campaign,KNN,300,,,0.36994361877441406,377.0285716056824,0.7174617673310111
13_fraud,PID,600,4,,529.7378342151642,201.82216453552246,0.9511546651351006
5_campaign,KNN,350,,,0.36994361877441406,345.2483434677124,0.7158158213289656
5_campaign,KNN,400,,,0.36994361877441406,352.5178108215332,0.7136291303736607
5_campaign,KNN,450,,,0.36994361877441406,371.20836567878723,0.710719815674616
13_fraud,PID,600,5,,706.0665738582611,239.44840598106384,0.9529010927562452
5_campaign,KNN,500,,,0.36994361877441406,369.1969904899597,0.7077413400374755
5_campaign,KNN,550,,,0.36994361877441406,403.4842154979706,0.7061625913300601
13_fraud,PID,800,3,,471.5503840446472,147.6384425163269,0.9438872834993935
5_campaign,KNN,600,,,0.36994361877441406,376.39408326148987,0.7048649060470312
5_campaign,KNN,650,,,0.36994361877441406,355.07728719711304,0.7040010002198338
13_fraud,PID,800,4,,698.7303428649902,206.8044912815094,0.9452268317417886
5_campaign,KNN,700,,,0.36994361877441406,355.96059012413025,0.7029505394181671
5_campaign,KNN,750,,,0.36994361877441406,354.38349962234497,0.7028801637336634
5_campaign,KNN,800,,,0.36994361877441406,355.3591568470001,0.7032644599638453
13_fraud,PID,1000,3,,513.7023286819458,146.0702772140503,0.9386963553392987
5_campaign,KNN,850,,,0.36994361877441406,344.48076844215393,0.7031562119064961
5_campaign,KNN,900,,,0.36994361877441406,353.0533170700073,0.7033908289712536
5_campaign,KNN,950,,,0.36994361877441406,372.1151120662689,0.7040248853185042
13_fraud,PID,1000,4,,879.5807099342346,220.41307497024536,0.9505750556643846
5_campaign,KNN,1000,,,0.36994361877441406,357.9164664745331,0.7049234202635741
13_fraud,PID,1000,5,,1238.4870386123657,234.73171615600586,0.9550105488173044
1_ALOI,PID,50,3,,13.747245073318481,16.20694398880005,0.5201689767733018
1_ALOI,PID,50,4,,11.933891534805298,17.055488348007202,0.49554267190152634
1_ALOI,PID,50,5,,14.542921304702759,13.963187217712402,0.49175358953997184
1_ALOI,PID,50,6,,13.329760551452637,15.646584749221802,0.4825487155995631
1_ALOI,PID,100,3,,35.28579926490784,21.299073696136475,0.528760090273825
1_ALOI,PID,100,4,,42.190099239349365,19.22956895828247,0.5183073842848828
1_ALOI,PID,100,5,,42.85081243515015,18.885090351104736,0.5045839104503628
1_ALOI,PID,100,6,,44.84536147117615,22.498969793319702,0.5007488276409959
1_ALOI,PID,200,3,,92.43800330162048,21.713149070739746,0.5297385887683959
1_ALOI,PID,200,4,,127.14032030105591,20.048709630966187,0.5325593489313536
1_ALOI,PID,200,5,,139.9652783870697,25.700199842453003,0.5201587728618704
1_ALOI,PID,200,6,,156.59153699874878,27.243362426757812,0.5094453907647947
1_ALOI,PID,400,3,,253.23006534576416,19.615545988082886,0.5425082730386646
1_ALOI,PID,400,4,,325.48113679885864,20.975095748901367,0.534664558079228
1_ALOI,PID,400,5,,339.62874150276184,23.960179805755615,0.5335324762195013
1_ALOI,PID,400,6,,402.70906352996826,27.050306797027588,0.5312060534518162
8_celeba,KNN,50,,,1.655672550201416,4088.099420785904,0.6088491049512377
1_ALOI,PID,600,3,,362.7750186920166,17.916980028152466,0.5256351044267468
1_ALOI,PID,600,4,,510.41919136047363,22.087075233459473,0.5353329833166186
1_ALOI,PID,600,5,,635.2038004398346,26.248236179351807,0.5413972548689089
1_ALOI,PID,600,6,,735.8729181289673,31.80138349533081,0.5267739106502988
1_ALOI,PID,800,3,,516.8534650802612,17.601892948150635,0.5252899388273438
1_ALOI,PID,800,4,,719.683183670044,23.02273440361023,0.5410206904946824
1_ALOI,PID,800,5,,909.0524744987488,27.460030555725098,0.5236975487194657
8_celeba,KNN,100,,,1.655672550201416,4656.525333881378,0.6173646602713598
1_ALOI,PID,800,6,,1103.000539302826,32.01848578453064,0.5322091366071495
1_ALOI,PID,1000,3,,663.8560767173767,17.349493980407715,0.5258596871323348
1_ALOI,PID,1000,4,,949.2895302772522,23.281834602355957,0.5364313052799317
1_ALOI,PID,1000,5,,1202.1487505435944,27.08955192565918,0.5260590707332379
33_skin,PID,50,3,,2.5934460163116455,53.507630586624146,0.7296929034575036
33_skin,PID,50,4,,2.571131706237793,54.20198059082031,0.6827096298018299
33_skin,PID,50,5,,2.5700976848602295,55.975751876831055,0.697688325835182
33_skin,PID,50,6,,2.570740222930908,56.394901275634766,0.646140451898838
33_skin,PID,100,3,,4.734102249145508,72.87227749824524,0.6999609030069515
33_skin,PID,100,4,,4.604407787322998,71.04208374023438,0.7098365397256946
33_skin,PID,100,5,,4.9974517822265625,75.43709707260132,0.7170616676333452
33_skin,PID,100,6,,5.037011623382568,71.5226640701294,0.7099643209122269
33_skin,PID,200,3,,8.856767416000366,88.07566571235657,0.7120158255653704
33_skin,PID,200,4,,9.520020484924316,88.22253513336182,0.7077554400636865
8_celeba,KNN,150,,,1.655672550201416,5181.908261060715,0.6231107009321595
33_skin,PID,200,5,,9.80668830871582,91.90173482894897,0.7014795603091833
33_skin,PID,200,6,,9.955873966217041,91.60600113868713,0.7105299738533074
33_skin,PID,400,3,,15.036442518234253,96.86499691009521,0.725070131817524
33_skin,PID,400,4,,16.90501093864441,103.30554533004761,0.708303209631535
33_skin,PID,400,5,,18.169759273529053,108.05460095405579,0.6955036641196021
33_skin,PID,600,3,,19.74359679222107,103.91434025764465,0.7197743521205331
33_skin,PID,600,4,,23.864837169647217,114.99746131896973,0.6932264649156086
33_skin,PID,600,5,,25.778018951416016,116.18818163871765,0.6866311110592073
33_skin,PID,600,6,,27.060023307800293,125.24013686180115,0.6949374397335237
33_skin,PID,800,3,,23.53101134300232,102.39742922782898,0.7323526632179241
33_skin,PID,800,4,,29.359142780303955,118.13260269165039,0.6968214415966442
33_skin,PID,800,5,,31.59066891670227,123.79341220855713,0.6772046409423151
33_skin,PID,800,6,,35.838053464889526,126.85835838317871,0.6911719917656736
33_skin,PID,1000,3,,28.1662654876709,102.95561957359314,0.7349198732895196
33_skin,PID,1000,4,,32.57139563560486,119.91498279571533,0.7002263125801576
33_skin,PID,1000,5,,36.611228466033936,129.4363307952881,0.6924591178604662
33_skin,PID,1000,6,,40.417723655700684,133.1385588645935,0.6732559062944623
3_backdoor,PID,50,3,,25.668052911758423,22.83014750480652,0.7519226535916933
3_backdoor,PID,50,4,,25.802401304244995,21.882718563079834,0.7245568382756917
3_backdoor,PID,50,5,,27.80996322631836,21.403799772262573,0.616047232879495
3_backdoor,PID,50,6,,25.993703842163086,24.58703351020813,0.49983410896734487
3_backdoor,PID,100,3,,45.57562851905823,28.520114183425903,0.719191233027235
3_backdoor,PID,100,4,,53.238637924194336,28.597902297973633,0.7072698629251559
3_backdoor,PID,100,5,,58.1214873790741,28.56442618370056,0.706903699035536
3_backdoor,PID,100,6,,61.05152177810669,28.741908073425293,0.7463062115357091
3_backdoor,PID,200,3,,81.46185564994812,29.954444646835327,0.7730653610160806
3_backdoor,PID,200,4,,106.20318603515625,34.103182792663574,0.7775709174180621
3_backdoor,PID,200,5,,122.19449734687805,36.53694415092468,0.7046598752521965
3_backdoor,PID,200,6,,137.92106413841248,36.6240918636322,0.8034767355965227
3_backdoor,PID,400,3,,152.94529843330383,31.997234582901,0.8037903502818599
3_backdoor,PID,400,4,,209.3872504234314,36.69254398345947,0.7428502934020323
3_backdoor,PID,400,6,,305.7161319255829,46.99217247962952,0.8179607058269505
3_backdoor,PID,600,3,,216.6218137741089,33.2735378742218,0.7591802979727328
3_backdoor,PID,800,3,,290.74509930610657,32.14320206642151,0.8270313323822583
8_celeba,KNN,200,,,1.655672550201416,5248.8064296245575,0.6291986660653166
3_backdoor,PID,800,4,,410.08621978759766,38.0657958984375,0.8185120823464775
3_backdoor,PID,1000,3,,357.6349139213562,30.944865703582764,0.8645820440726326
5_campaign,PID,50,3,,10.620530605316162,9.368499994277954,0.8035137571799769
5_campaign,PID,50,4,,10.895381450653076,9.451714038848877,0.8103960090980968
5_campaign,PID,50,5,,11.519538402557373,9.362422704696655,0.7848048904982772
5_campaign,PID,50,6,,12.34778642654419,9.733890056610107,0.8167410659529462
5_campaign,PID,100,3,,18.81212830543518,11.10557746887207,0.7798013647852801
5_campaign,PID,100,4,,20.461385011672974,12.145392656326294,0.7757113106807109
5_campaign,PID,100,5,,20.194249153137207,11.081752061843872,0.8162382375987365
5_campaign,PID,100,6,,23.68203830718994,11.622931480407715,0.7939744391409691
5_campaign,PID,200,3,,27.77101182937622,11.925801753997803,0.7453505610713167
5_campaign,PID,200,4,,33.526732444763184,12.504962682723999,0.7935581201905477
5_campaign,PID,200,5,,35.38332724571228,12.721691846847534,0.8183707160729583
5_campaign,PID,200,6,,38.58097505569458,12.462854146957397,0.7741218533350568
5_campaign,PID,400,3,,44.73520088195801,12.706322193145752,0.7385817110375397
5_campaign,PID,400,4,,53.88160562515259,13.363243103027344,0.7702829038241632
5_campaign,PID,400,5,,59.38869023323059,13.898863077163696,0.765111483646447
5_campaign,PID,400,6,,65.74337220191956,15.570435762405396,0.7749747468374137
5_campaign,PID,600,3,,56.316996812820435,14.14241075515747,0.7466518404705385
5_campaign,PID,600,4,,69.46686339378357,13.286110401153564,0.7472955027493366
5_campaign,PID,600,5,,80.79015731811523,13.829371690750122,0.7502068253180512
5_campaign,PID,600,6,,93.58062958717346,14.37814736366272,0.7710355836962635
5_campaign,PID,800,3,,65.81451892852783,12.821563005447388,0.7268582317821062
5_campaign,PID,800,4,,80.85602045059204,13.590226650238037,0.7865746934593336
5_campaign,PID,800,5,,97.61860513687134,14.384069442749023,0.7992287126895948
5_campaign,PID,800,6,,113.76582622528076,15.468724012374878,0.7891919176670832
5_campaign,PID,1000,3,,75.65032982826233,13.04130220413208,0.7246235259111306
5_campaign,PID,1000,4,,94.00167489051819,14.438008785247803,0.7815133847363693
5_campaign,PID,1000,5,,113.62150979042053,14.488941192626953,0.7480744765740283
5_campaign,PID,1000,6,,128.08668613433838,14.964534282684326,0.7722238268144301
8_celeba,PID,50,3,,7.045326232910156,49.86939549446106,0.6496237683162439
8_celeba,PID,50,4,,6.693630933761597,48.960264444351196,0.7041264081718286
8_celeba,PID,50,5,,6.553890943527222,48.35749816894531,0.6215591283113359
8_celeba,PID,50,6,,6.7546775341033936,49.2092399597168,0.6299522440943383
8_celeba,PID,100,3,,10.101753234863281,58.53926062583923,0.7078017874080347
8_celeba,PID,100,4,,10.590818643569946,55.676512241363525,0.6521157130490565
8_celeba,PID,100,5,,10.67990255355835,56.85488510131836,0.6972557009206332
8_celeba,PID,100,6,,10.983481645584106,55.97150731086731,0.6935468923883392
8_celeba,PID,200,3,,16.659032821655273,62.25678610801697,0.6763732165632385
8_celeba,PID,200,4,,17.3987557888031,63.63468956947327,0.672942319973538
8_celeba,PID,200,5,,17.29587745666504,62.67348384857178,0.667015430535332
8_celeba,PID,200,6,,16.5910382270813,60.45954203605652,0.6962209173785483
8_celeba,PID,400,3,,22.564144134521484,63.30461597442627,0.7121301508582754
8_celeba,PID,400,4,,23.918116569519043,64.55795311927795,0.6596983462114308
8_celeba,PID,400,5,,25.3566997051239,214.5092532634735,0.6402421299978172
8_celeba,PID,400,6,,24.029657125473022,64.08926796913147,0.6500536575486496
8_celeba,PID,600,3,,28.450889825820923,66.00860714912415,0.697195144641067
8_celeba,PID,600,4,,30.01892876625061,67.0794939994812,0.6508889468845513
8_celeba,PID,600,5,,29.944276094436646,66.68776202201843,0.6481517260945449
8_celeba,PID,600,6,,30.58075451850891,66.38906359672546,0.7226102954232327
8_celeba,PID,800,3,,34.45621681213379,66.98404264450073,0.6983957748914276
8_celeba,PID,800,4,,35.284916162490845,67.71419620513916,0.7122002858090718
8_celeba,PID,800,5,,36.55971550941467,68.97283148765564,0.6467213359906887
8_celeba,KNN,250,,,1.655672550201416,5310.07272362709,0.6330000204854309
8_celeba,PID,800,6,,35.30110239982605,66.42658805847168,0.6561724046845703
8_celeba,PID,1000,3,,38.58837032318115,67.4170458316803,0.6457667785395353
8_celeba,PID,1000,4,,38.72322869300842,67.39836001396179,0.7222429273972122
8_celeba,PID,1000,5,,39.811275482177734,66.97373294830322,0.639345160059996
8_celeba,PID,1000,6,,39.843247175216675,66.55686354637146,0.6935538015574089
9_census,PID,50,3,,42.08643651008606,78.61396551132202,0.5695380105104678
9_census,PID,50,4,,45.036810874938965,77.45474910736084,0.42379796898017463
9_census,PID,50,5,,40.600497245788574,76.58768033981323,0.5229047932164941
9_census,PID,50,6,,46.55014705657959,77.8198971748352,0.5410417759490398
9_census,PID,100,3,,53.719979763031006,80.62990498542786,0.5860362938724044
9_census,PID,100,4,,57.206260681152344,80.6580879688263,0.6210265088564058
9_census,PID,100,5,,60.01266288757324,83.93182349205017,0.613471485037813
9_census,PID,100,6,,63.04893732070923,86.35702776908875,0.444701388826974
9_census,PID,200,3,,69.688791513443,87.0985655784607,0.545876483088467
9_census,PID,200,4,,74.82872080802917,82.86062431335449,0.5795502316583587
9_census,PID,200,5,,82.93094754219055,88.10161256790161,0.5468646082685996
9_census,PID,200,6,,80.4712884426117,85.41203188896179,0.52780032441838
9_census,PID,400,3,,94.91874194145203,87.11821508407593,0.6234916058805207
9_census,PID,400,4,,95.0725212097168,82.97219038009644,0.4567919707397514
9_census,PID,400,5,,96.08623838424683,82.07163000106812,0.6209483584548514
9_census,PID,400,6,,95.94279146194458,79.32891726493835,0.5171319581797739
9_census,PID,600,3,,101.80048990249634,80.43452024459839,0.6415144801728304
9_census,PID,600,4,,107.88050508499146,80.71664190292358,0.6194130137445156
9_census,PID,600,5,,112.9869978427887,82.5590558052063,0.6744038182664571
9_census,PID,600,6,,123.84495401382446,82.63563299179077,0.5314445712809914
9_census,PID,800,3,,116.96610856056213,80.20404720306396,0.4993936291642625
9_census,PID,800,4,,124.64830780029297,80.72697854042053,0.6572531818630061
9_census,PID,800,5,,129.72274088859558,80.8872504234314,0.6208109140099309
9_census,PID,800,6,,144.7483093738556,81.86930894851685,0.7085609171344314
9_census,PID,1000,3,,143.89541006088257,81.77844738960266,0.5370487609944141
8_celeba,KNN,300,,,1.655672550201416,4760.037389278412,0.6381812715537036
9_census,PID,1000,4,,143.31884741783142,83.21065020561218,0.6540660345834396
9_census,PID,1000,5,,135.92611956596375,83.09856581687927,0.6187489154322966
9_census,PID,1000,6,,141.27499508857727,81.898362159729,0.582799061729595
8_celeba,KNN,350,,,1.655672550201416,4650.366314411163,0.640665164472803
8_celeba,KNN,400,,,1.655672550201416,4704.957067012787,0.6428976533614668
11_donors,OCSVM,0.1,,,42070.57838511467,12303.104995965958,0.7322770649733545
11_donors,DTM,10,,,1.52587890625e-05,2562.1834375858307,0.6437974686230677
8_celeba,KNN,450,,,1.655672550201416,5051.681871652603,0.6454018879092388
11_donors,DTM,50,,,0.0011990070343017578,3362.1652801036835,0.73439827719417
8_celeba,KNN,500,,,1.655672550201416,4958.375428199768,0.6480601096465364
11_donors,DTM,100,,,0.0010671615600585938,3921.048520088196,0.7746559807916887
11_donors,DTM,200,,,0.0015263557434082031,3448.1515679359436,0.8010772733550043
8_celeba,KNN,550,,,1.655672550201416,4940.092020273209,0.6483885355880017
11_donors,DTM,400,,,0.015934228897094727,2596.4064309597015,0.814889248089784
11_donors,DTM,600,,,0.0435335636138916,2417.4035313129425,0.8247357995358909
8_celeba,KNN,600,,,1.655672550201416,4965.4908854961395,0.6494136344116612
11_donors,DTM,800,,,0.04387187957763672,2819.869453907013,0.8185645169530158
8_celeba,KNN,650,,,1.655672550201416,4958.722819805145,0.6506629836316743
11_donors,DTM,1000,,,0.07749509811401367,3069.5497913360596,0.8214134686899394
11_donors,DTM,1500,,,0.17710232734680176,4724.522686719894,0.7993523559508412
8_celeba,KNN,700,,,1.655672550201416,5192.373522043228,0.6527901376739551
8_celeba,KNN,750,,,1.655672550201416,5056.613179445267,0.6536584831974893
11_donors,DTM,2000,,,0.2501516342163086,6649.120390176773,0.7988051668642699
12_fault,DTM,10,,,0.41995716094970703,0.16125249862670898,0.7366258712577517
12_fault,DTM,50,,,3.075599670410156e-05,0.27977657318115234,0.7582590781893775
12_fault,DTM,100,,,2.8848648071289062e-05,0.3303866386413574,0.7535365916537373
12_fault,DTM,200,,,2.7894973754882812e-05,0.4013340473175049,0.7062484473214243
12_fault,DTM,400,,,3.361701965332031e-05,0.5207164287567139,0.6572951284563211
12_fault,DTM,600,,,3.147125244140625e-05,0.7810719013214111,0.6208745623204166
12_fault,DTM,800,,,3.0994415283203125e-05,0.9072611331939697,0.5765827946808162
12_fault,DTM,1000,,,0.0017349720001220703,0.701981782913208,0.5455971894760032
12_fault,DTM,1500,,,0.0010344982147216797,0.8372306823730469,0.5124296314351203
13_fraud,DTM,10,,,0.0008723735809326172,1702.4226574897766,0.9556124840920605
8_celeba,KNN,800,,,1.655672550201416,4970.6620309352875,0.6569892762322705
8_celeba,KNN,850,,,1.655672550201416,5466.9384253025055,0.6581983413987759
8_celeba,KNN,900,,,1.655672550201416,5505.64603471756,0.6595762642365804
8_celeba,KNN,950,,,1.655672550201416,5770.388950586319,0.6615050939231466
11_donors,OCSVM,1,,,44644.28933095932,13594.139499664307,0.6472976355282394
8_celeba,KNN,1000,,,1.655672550201416,6070.275506734848,0.6623906202026831
13_fraud,DTM,10,,,1.4543533325195312e-05,943.5511693954468,0.9556124840920605
13_fraud,DTM,50,,,0.0019893646240234375,1865.2993772029877,0.9639664596793692
13_fraud,DTM,100,,,0.0009090900421142578,2509.306152820587,0.9630565276776345
13_fraud,DTM,200,,,0.0011248588562011719,3381.3157420158386,0.9615272279729813
9_census,KNN,50,,,31.549572944641113,28419.764215946198,0.6459259123745007
9_census,KNN,100,,,31.549572944641113,32947.76688337326,0.6456159334800082
11_donors,OCSVM,10.0,,,56595.42251038551,14105.182561397552,0.5883384534187337
12_fault,OCSVM,0.001,,,0.24024748802185059,0.20968914031982422,0.5046146779100127
12_fault,OCSVM,0.01,,,0.2741851806640625,0.20940685272216797,0.5052662169953267
12_fault,OCSVM,0.1,,,0.25855374336242676,0.25432920455932617,0.5115085707857374
12_fault,OCSVM,1,,,0.281674861907959,0.2615170478820801,0.5978433587542948
12_fault,OCSVM,10.0,,,0.41045355796813965,0.36124563217163086,0.6847874998242249
13_fraud,OCSVM,0.001,,,8934.545186042786,2925.928020954132,0.9476859872444812
13_fraud,OCSVM,0.01,,,7984.59458732605,2886.474494934082,0.9476895545119213
9_census,KNN,150,,,31.549572944641113,34829.406370162964,0.646264868871351
13_fraud,OCSVM,0.1,,,7693.414103269577,2837.644238471985,0.947725556032621
13_fraud,OCSVM,1,,,7033.551481723785,2644.473133802414,0.9480110589579949
13_fraud,OCSVM,10.0,,,8028.857115507126,2682.8538064956665,0.9497191366669484
1_ALOI,OCSVM,0.001,,,162.58019351959229,75.03530788421631,0.5325178083798774
1_ALOI,OCSVM,0.01,,,158.2510004043579,75.31084275245667,0.5325378157786107
1_ALOI,OCSVM,0.1,,,156.8914499282837,75.47410154342651,0.5327285833568709
1_ALOI,OCSVM,1,,,172.65749645233154,87.10290026664734,0.5341652913248471
1_ALOI,OCSVM,10.0,,,186.7929344177246,84.55388641357422,0.542864878341208
33_skin,OCSVM,0.001,,,3883.8439662456512,1818.2404465675354,0.48576958112057633
9_census,KNN,200,,,31.549572944641113,33910.529603004456,0.6466984897118799
33_skin,OCSVM,0.01,,,4487.935667276382,2115.145317554474,0.4857663142452574
1_ALOI,DTM,10,,,3.600120544433594e-05,37.04814028739929,0.6857356829595287
1_ALOI,DTM,50,,,0.002231121063232422,67.90933275222778,0.6173229305169691
1_ALOI,DTM,100,,,0.0028095245361328125,99.221599817276,0.5880653892050736
1_ALOI,DTM,200,,,0.001123189926147461,138.3508608341217,0.5660482479594111
1_ALOI,DTM,400,,,0.0031654834747314453,127.96577954292297,0.5542536447708861
1_ALOI,DTM,600,,,0.014989137649536133,134.24930548667908,0.5498049603105126
33_skin,OCSVM,0.1,,,4744.531514644623,2302.309912443161,0.4856957192221535
1_ALOI,DTM,800,,,0.0020537376403808594,130.4675931930542,0.5474778333486692
1_ALOI,DTM,1000,,,0.0017664432525634766,141.72365379333496,0.5460714609604148
33_skin,DTM,10,,,0.0028853416442871094,8.31128191947937,0.643401361316969
33_skin,DTM,50,,,0.002286672592163086,12.845295667648315,0.7177941371039606
33_skin,DTM,100,,,0.0007748603820800781,19.139328479766846,0.7218347217647598
33_skin,DTM,200,,,0.0011992454528808594,32.28564667701721,0.7217284319826821
33_skin,DTM,400,,,0.0025506019592285156,61.28101325035095,0.7162850133854846
33_skin,DTM,600,,,0.0028257369995117188,88.37383341789246,0.7168154782643472
33_skin,DTM,800,,,0.008124828338623047,117.66365504264832,0.7180753426156854
33_skin,DTM,1000,,,0.007754802703857422,151.5953004360199,0.71924686383832
3_backdoor,DTM,10,,,0.014776945114135742,427.02726221084595,0.6850889763016108
3_backdoor,DTM,50,,,0.0010309219360351562,467.1596088409424,0.7415546660387725
3_backdoor,DTM,100,,,0.0008018016815185547,501.17475986480713,0.7522455481839545
3_backdoor,DTM,200,,,0.001789093017578125,575.2304832935333,0.7559070947427711
3_backdoor,DTM,400,,,0.002604246139526367,742.2141728401184,0.7560309514905562
3_backdoor,DTM,600,,,0.0062978267669677734,1037.3551454544067,0.7633752083362189
3_backdoor,DTM,800,,,0.033643245697021484,664.191633939743,0.8159374875921643
3_backdoor,DTM,1000,,,0.03785061836242676,740.5244786739349,0.9209049848335851
5_campaign,DTM,10,,,0.018143892288208008,165.18951845169067,0.686072183533794
5_campaign,DTM,50,,,0.00020051002502441406,220.61799883842468,0.6857430285349828
5_campaign,DTM,100,,,0.0016281604766845703,246.9773302078247,0.6884393881640771
5_campaign,DTM,200,,,0.002044677734375,242.82094049453735,0.6895521902231548
5_campaign,DTM,400,,,0.0010156631469726562,288.0070309638977,0.6910498605046552
5_campaign,DTM,600,,,0.0013186931610107422,213.51922798156738,0.6915854575277481
5_campaign,DTM,800,,,0.001819610595703125,228.33485674858093,0.6912301618938533
5_campaign,DTM,1000,,,0.008648872375488281,223.44833374023438,0.6910327597057059
33_skin,OCSVM,1,,,6301.464073419571,2136.6907680034637,0.48992507892564124
8_celeba,DTM,10,,,0.003537893295288086,2445.516266822815,0.5769408993009106
8_celeba,DTM,50,,,0.0013086795806884766,3521.821095943451,0.601896165040723
33_skin,OCSVM,10.0,,,4343.852160692215,1857.5267264842987,0.6012843162337244
3_backdoor,OCSVM,0.001,,,2270.5550513267517,1162.6587817668915,0.8461873202306587
8_celeba,DTM,100,,,0.0005977153778076172,4420.366193532944,0.6126291705357976
3_backdoor,OCSVM,0.01,,,2254.7477643489838,1196.0732622146606,0.846838894352184
8_celeba,DTM,200,,,0.0007560253143310547,4496.775306463242,0.623208719077321
3_backdoor,OCSVM,0.1,,,2156.128385066986,1176.482736825943,0.8564102134378593
8_celeba,DTM,400,,,0.0010232925415039062,4757.771982431412,0.634929145549524
3_backdoor,OCSVM,1,,,2363.2723002433777,1446.8986451625824,0.9212421686357612
8_celeba,DTM,600,,,0.017421245574951172,4776.880814790726,0.642414853241498
3_backdoor,OCSVM,10.0,,,2989.956562280655,1197.440128326416,0.8292553405633503
5_campaign,OCSVM,0.001,,,137.7065510749817,67.08851289749146,0.6622943599442207
5_campaign,OCSVM,0.01,,,129.41403937339783,67.09997415542603,0.6627171034879026
5_campaign,OCSVM,0.1,,,139.7179310321808,67.9075140953064,0.6671861437297385
5_campaign,OCSVM,1,,,189.9390573501587,76.06239295005798,0.6930919848437389
5_campaign,OCSVM,10.0,,,395.2590420246124,92.84299921989441,0.5777771550073026
9_census,KNN,250,,,31.549572944641113,48479.76205825806,0.6469898604086476
8_celeba,DTM,800,,,0.0024521350860595703,5313.034295797348,0.6478549660675406
8_celeba,OCSVM,0.001,,,3799.629561662674,1434.617517232895,0.6982554322558948
8_celeba,DTM,1000,,,0.003046751022338867,5071.0681121349335,0.6526382514403729
8_celeba,OCSVM,0.01,,,3823.207851409912,1441.6576917171478,0.697333690026497
8_celeba,OCSVM,0.1,,,3939.5114665031433,1445.9128377437592,0.6898355459412416
9_census,DTM,10,,,0.003824949264526367,12585.882451534271,0.6398185495507406
8_celeba,OCSVM,1,,,4294.401500225067,1457.5433433055878,0.6006983281067872
8_celeba,OCSVM,10.0,,,10077.106650829315,2041.4079248905182,0.5529062892231651
9_census,KNN,300,,,31.549572944641113,35188.55234646797,0.6471361993965361
9_census,KNN,350,,,31.549572944641113,34176.70548462868,0.6471096866117703
9_census,OCSVM,0.001,,,39685.76695871353,33263.42491436005,0.5334425448427436
9_census,KNN,400,,,31.549572944641113,47766.91359066963,0.6468682346344792
11_donors,BNNDAD_selftuning,1,32,,3.0866243839263916,2.1391642093658447,0.6170214185734614
11_donors,BNNDAD_selftuning,1,64,,0.2010936737060547,0.9464647769927979,0.6187736561596251
11_donors,BNNDAD_selftuning,1,128,,2.6099326610565186,1.8604938983917236,0.6560863370687866
11_donors,BNNDAD_selftuning,1,256,,1.6458556652069092,2.9135403633117676,0.6599329595674389
11_donors,BNNDAD_selftuning,1,512,,1.903066873550415,5.003743410110474,0.6833451660575309
11_donors,BNNDAD_selftuning,1,1024,,1.8524692058563232,10.78837275505066,0.7051090364863399
11_donors,BNNDAD_selftuning,5,32,,2.3150830268859863,2.7911510467529297,0.7703046934063077
11_donors,BNNDAD_selftuning,5,64,,1.8551671504974365,3.246938943862915,0.7198566668185412
11_donors,BNNDAD_selftuning,5,128,,1.943824052810669,4.9854161739349365,0.682016908981565
11_donors,BNNDAD_selftuning,5,256,,1.4948482513427734,9.229002237319946,0.7043250379523248
11_donors,BNNDAD_selftuning,5,512,,1.9467248916625977,18.45036792755127,0.7249382923002164
11_donors,BNNDAD_selftuning,5,1024,,0.3648669719696045,39.54046630859375,0.7159595091870493
11_donors,BNNDAD_selftuning,20,32,,2.8924996852874756,12.467733144760132,0.7570122463774422
11_donors,BNNDAD_selftuning,20,64,,0.3196117877960205,14.174578428268433,0.7361487195540782
11_donors,BNNDAD_selftuning,20,128,,0.356442928314209,21.84626841545105,0.7162452784324479
11_donors,BNNDAD_selftuning,20,256,,0.37072157859802246,37.55917143821716,0.7262627449234997
11_donors,BNNDAD_selftuning,20,512,,0.35148000717163086,71.3805091381073,0.7311862067453475
11_donors,BNNDAD_selftuning,20,1024,,0.4898409843444824,145.61999130249023,0.7253301124466963
11_donors,BNNDAD_selftuning,50,32,,0.7078478336334229,35.07784056663513,0.743376197550475
11_donors,BNNDAD_selftuning,50,64,,0.7050700187683105,41.85050082206726,0.7304772096840388
11_donors,BNNDAD_selftuning,50,128,,0.6132569313049316,59.83214449882507,0.734705941481115
11_donors,BNNDAD_selftuning,50,256,,0.553490161895752,101.21934247016907,0.7333003418350927
11_donors,BNNDAD_selftuning,50,512,,0.7445778846740723,184.23153281211853,0.7336855874025755
11_donors,BNNDAD_selftuning,50,1024,,1.1192576885223389,361.865686416626,0.7253430032802536
11_donors,BNNDAD_selftuning,100,32,,0.993605375289917,72.7396354675293,0.7338673718280738
11_donors,BNNDAD_selftuning,100,64,,0.7801766395568848,84.71923017501831,0.7323926422718303
11_donors,BNNDAD_selftuning,100,128,,0.6770315170288086,114.17986822128296,0.7306267277743556
11_donors,BNNDAD_selftuning,100,256,,1.0705382823944092,198.1036365032196,0.7318510187793983
11_donors,BNNDAD_selftuning,100,512,,1.0221762657165527,376.93530797958374,0.7329509840074797
11_donors,BNNDAD_selftuning,100,1024,,1.876573085784912,760.9719033241272,0.724052549565965
12_fault,BNNDAD_selftuning,1,32,,0.061856746673583984,0.06358170509338379,0.5987316080828344
12_fault,BNNDAD_selftuning,1,64,,0.017136573791503906,0.05931687355041504,0.6528866931344655
12_fault,BNNDAD_selftuning,1,128,,0.01914668083190918,0.06997990608215332,0.6694833623166667
12_fault,BNNDAD_selftuning,1,256,,0.030770301818847656,0.09234285354614258,0.7346325835165299
12_fault,BNNDAD_selftuning,1,512,,0.060466766357421875,0.09862184524536133,0.7451708766716196
12_fault,BNNDAD_selftuning,1,1024,,0.17287206649780273,0.1200876235961914,0.7575630094543477
12_fault,BNNDAD_selftuning,5,32,,0.03308248519897461,0.29706859588623047,0.658527896653714
12_fault,BNNDAD_selftuning,5,64,,0.03352785110473633,0.31435227394104004,0.703661040306364
12_fault,BNNDAD_selftuning,5,128,,0.034515380859375,0.33998942375183105,0.7267965369994516
12_fault,BNNDAD_selftuning,5,256,,0.04311847686767578,0.33297014236450195,0.7510874609193732
12_fault,BNNDAD_selftuning,5,512,,0.07221651077270508,0.4104278087615967,0.754859590983449
12_fault,BNNDAD_selftuning,5,1024,,0.24503850936889648,0.5999391078948975,0.7592867756315008
12_fault,BNNDAD_selftuning,20,32,,0.05866861343383789,1.1178903579711914,0.6800134526415458
12_fault,BNNDAD_selftuning,20,64,,0.07781648635864258,1.1304361820220947,0.7094616130982794
12_fault,BNNDAD_selftuning,20,128,,0.09451985359191895,1.1587281227111816,0.732249075423852
12_fault,BNNDAD_selftuning,20,256,,0.10112905502319336,1.5124342441558838,0.7522956206261338
12_fault,BNNDAD_selftuning,20,512,,0.14344024658203125,1.7784276008605957,0.7585625829071767
12_fault,BNNDAD_selftuning,20,1024,,0.3167703151702881,2.3351922035217285,0.7616409879019973
12_fault,BNNDAD_selftuning,50,32,,0.22362875938415527,2.9289700984954834,0.6931871979600732
12_fault,BNNDAD_selftuning,50,64,,0.15193772315979004,2.5540530681610107,0.7163777707988619
12_fault,BNNDAD_selftuning,50,128,,0.139052152633667,2.9220359325408936,0.7372903005048257
12_fault,BNNDAD_selftuning,50,256,,0.1582164764404297,3.308004140853882,0.7528674750751144
12_fault,BNNDAD_selftuning,50,512,,0.29497647285461426,3.750728130340576,0.758132520237554
12_fault,BNNDAD_selftuning,50,1024,,0.6883907318115234,4.79907751083374,0.7591063133668634
12_fault,BNNDAD_selftuning,100,32,,0.24347591400146484,5.263009071350098,0.6969323758677421
12_fault,BNNDAD_selftuning,100,64,,0.260833740234375,5.575023174285889,0.7184542586750788
12_fault,BNNDAD_selftuning,100,128,,0.30892491340637207,5.789207935333252,0.7373219399927816
12_fault,BNNDAD_selftuning,100,256,,0.31221890449523926,7.2993340492248535,0.7501242142860491
12_fault,BNNDAD_selftuning,100,512,,0.5242922306060791,8.386483669281006,0.7577282378914508
12_fault,BNNDAD_selftuning,100,1024,,1.3537137508392334,13.091505527496338,0.7593922405913539
13_fraud,BNNDAD_selftuning,1,32,,0.3157694339752197,0.7216336727142334,0.9443200595240393
13_fraud,BNNDAD_selftuning,1,64,,0.31819748878479004,0.8163869380950928,0.945840273062527
13_fraud,BNNDAD_selftuning,1,128,,0.31406092643737793,0.982877254486084,0.9457682056816347
13_fraud,BNNDAD_selftuning,1,256,,0.37748122215270996,1.3684639930725098,0.9475400867210578
13_fraud,BNNDAD_selftuning,1,512,,0.3571467399597168,2.384113311767578,0.9485879340002621
13_fraud,BNNDAD_selftuning,1,1024,,0.4554407596588135,4.082594394683838,0.9493404630070077
13_fraud,BNNDAD_selftuning,5,32,,0.3227055072784424,3.148010730743408,0.9482945459125907
13_fraud,BNNDAD_selftuning,5,64,,0.2979564666748047,3.7500319480895996,0.9493154992837585
13_fraud,BNNDAD_selftuning,5,128,,0.3057260513305664,4.944284439086914,0.9486971181197312
13_fraud,BNNDAD_selftuning,5,256,,0.32061266899108887,6.437071084976196,0.949070580280746
13_fraud,BNNDAD_selftuning,5,512,,0.39912867546081543,10.644960641860962,0.9494425769310891
13_fraud,BNNDAD_selftuning,5,1024,,0.4956207275390625,19.533344984054565,0.9500477899455674
13_fraud,BNNDAD_selftuning,20,32,,0.3765387535095215,14.086120843887329,0.9488739587904118
13_fraud,BNNDAD_selftuning,20,64,,0.38338541984558105,15.312018871307373,0.9494946418785187
13_fraud,BNNDAD_selftuning,20,128,,0.41226625442504883,19.77946925163269,0.9495596319151909
13_fraud,BNNDAD_selftuning,20,256,,0.3706228733062744,27.365010499954224,0.9497617508577527
13_fraud,BNNDAD_selftuning,20,512,,0.40665125846862793,45.35412907600403,0.9499035693977923
13_fraud,BNNDAD_selftuning,20,1024,,0.6163315773010254,79.30167961120605,0.9505465639922742
13_fraud,BNNDAD_selftuning,50,32,,0.30463457107543945,28.201279401779175,0.9491461219942554
13_fraud,BNNDAD_selftuning,50,64,,0.3475949764251709,23.71869659423828,0.9494256842397839
13_fraud,BNNDAD_selftuning,50,128,,0.3234405517578125,41.84292030334473,0.9495895140352314
13_fraud,BNNDAD_selftuning,50,256,,0.6209821701049805,68.7580509185791,0.9498326100859447
13_fraud,BNNDAD_selftuning,50,512,,0.62233567237854,107.59590482711792,0.9501795929712107
13_fraud,BNNDAD_selftuning,50,1024,,1.2375211715698242,196.2045567035675,0.9506817698622091
13_fraud,BNNDAD_selftuning,100,32,,0.5481996536254883,64.5377357006073,0.9490768926998838
13_fraud,BNNDAD_selftuning,100,64,,0.4330942630767822,72.00644969940186,0.949444778771513
13_fraud,BNNDAD_selftuning,100,128,,0.6491479873657227,94.85543537139893,0.9496223915161086
13_fraud,BNNDAD_selftuning,100,256,,0.6252942085266113,138.59605598449707,0.9497749047096365
13_fraud,BNNDAD_selftuning,100,512,,1.073530912399292,230.3616955280304,0.9501085907663677
13_fraud,BNNDAD_selftuning,100,1024,,1.8623673915863037,395.1199429035187,0.9506235783652879
1_ALOI,BNNDAD_selftuning,1,32,,0.17162251472473145,0.20193171501159668,0.5446127296653305
1_ALOI,BNNDAD_selftuning,1,64,,0.15183496475219727,0.18903470039367676,0.5475069124250889
1_ALOI,BNNDAD_selftuning,1,128,,0.1576857566833496,0.2502734661102295,0.5469513860805503
1_ALOI,BNNDAD_selftuning,1,256,,0.16899514198303223,0.36308836936950684,0.5423415792352086
1_ALOI,BNNDAD_selftuning,1,512,,0.20929455757141113,0.504357099533081,0.5423584246640939
1_ALOI,BNNDAD_selftuning,1,1024,,0.34328770637512207,0.8659422397613525,0.5411592234356699
1_ALOI,BNNDAD_selftuning,5,32,,0.14834904670715332,0.8358948230743408,0.5468926756185669
1_ALOI,BNNDAD_selftuning,5,64,,0.1624903678894043,0.9105393886566162,0.5483733473943877
1_ALOI,BNNDAD_selftuning,5,128,,0.1515662670135498,1.2114553451538086,0.5442394791459666
1_ALOI,BNNDAD_selftuning,5,256,,0.17363667488098145,1.8475596904754639,0.5423674549185946
1_ALOI,BNNDAD_selftuning,5,512,,0.2457730770111084,2.4153730869293213,0.5418186667456101
1_ALOI,BNNDAD_selftuning,5,1024,,0.3885769844055176,3.9615190029144287,0.541172768817421
1_ALOI,BNNDAD_selftuning,20,32,,0.1566922664642334,2.4305272102355957,0.5463790419225837
1_ALOI,BNNDAD_selftuning,20,64,,0.15906572341918945,2.7327799797058105,0.5452372256141982
1_ALOI,BNNDAD_selftuning,20,128,,0.15819048881530762,3.7725672721862793,0.5437010329616992
1_ALOI,BNNDAD_selftuning,20,256,,0.17783284187316895,6.191606760025024,0.5426613109985408
1_ALOI,BNNDAD_selftuning,20,512,,0.2175004482269287,8.176177740097046,0.541959063729958
1_ALOI,BNNDAD_selftuning,20,1024,,0.48300719261169434,17.150212287902832,0.5412889332380858
1_ALOI,BNNDAD_selftuning,50,32,,0.24056410789489746,7.2711591720581055,0.5466758804719062
1_ALOI,BNNDAD_selftuning,50,64,,0.23050999641418457,7.681068420410156,0.5455672027121472
1_ALOI,BNNDAD_selftuning,50,128,,0.2799687385559082,11.998128414154053,0.5440995654321195
1_ALOI,BNNDAD_selftuning,50,256,,0.300457239151001,17.185343980789185,0.5428780094911012
1_ALOI,BNNDAD_selftuning,50,512,,0.400768518447876,24.03914475440979,0.5418948163688082
1_ALOI,BNNDAD_selftuning,50,1024,,0.8715004920959473,38.53671097755432,0.5412590256979503
1_ALOI,BNNDAD_selftuning,100,32,,0.25572776794433594,14.337800979614258,0.5465138467768508
1_ALOI,BNNDAD_selftuning,100,64,,0.3427107334136963,18.482840299606323,0.5454091318351985
1_ALOI,BNNDAD_selftuning,100,128,,0.3338048458099365,20.666748523712158,0.544057161897606
1_ALOI,BNNDAD_selftuning,100,256,,0.35103702545166016,30.204219818115234,0.5429665032236628
1_ALOI,BNNDAD_selftuning,100,512,,0.5956587791442871,50.002461433410645,0.541823706566547
1_ALOI,BNNDAD_selftuning,100,1024,,1.6137640476226807,82.53010249137878,0.5412403162257049
33_skin,BNNDAD_selftuning,1,32,,0.19947576522827148,0.2758042812347412,0.6617262671862232
33_skin,BNNDAD_selftuning,1,64,,0.15601801872253418,0.29998016357421875,0.8600786590880563
33_skin,BNNDAD_selftuning,1,128,,0.1842336654663086,0.4497666358947754,0.8759857543913552
33_skin,BNNDAD_selftuning,1,256,,0.18120813369750977,0.8546266555786133,0.8468946461105735
33_skin,BNNDAD_selftuning,1,512,,0.2067553997039795,1.4200260639190674,0.8472193471522329
33_skin,BNNDAD_selftuning,1,1024,,0.2845935821533203,2.6602470874786377,0.8395448131906724
33_skin,BNNDAD_selftuning,5,32,,0.18820881843566895,1.453204870223999,0.6000541995735784
33_skin,BNNDAD_selftuning,5,64,,0.18082189559936523,1.5908524990081787,0.6209719572862376
33_skin,BNNDAD_selftuning,5,128,,0.17174673080444336,2.019967794418335,0.738750688733223
33_skin,BNNDAD_selftuning,5,256,,0.18956255912780762,3.9946601390838623,0.7862544163998577
33_skin,BNNDAD_selftuning,5,512,,0.1868886947631836,6.528024911880493,0.7916468485157373
33_skin,BNNDAD_selftuning,5,1024,,0.37359023094177246,11.857312440872192,0.8060685002892037
33_skin,BNNDAD_selftuning,20,32,,0.1676924228668213,4.425805568695068,0.6493331469442558
33_skin,BNNDAD_selftuning,20,64,,0.1631174087524414,4.842312812805176,0.6936655394484792
33_skin,BNNDAD_selftuning,20,128,,0.17030811309814453,8.032024621963501,0.765948834632098
33_skin,BNNDAD_selftuning,20,256,,0.1977097988128662,14.277998208999634,0.7980904229256551
33_skin,BNNDAD_selftuning,20,512,,0.25504469871520996,25.749492406845093,0.8068475752303194
33_skin,BNNDAD_selftuning,20,1024,,0.4721057415008545,51.38894867897034,0.8042346804396072
33_skin,BNNDAD_selftuning,50,32,,0.22053122520446777,11.127740621566772,0.6777030840441648
33_skin,BNNDAD_selftuning,50,64,,0.25581979751586914,14.893857955932617,0.7214172729927422
33_skin,BNNDAD_selftuning,50,128,,0.3038675785064697,21.39554190635681,0.7766526339640103
33_skin,BNNDAD_selftuning,50,256,,0.34321022033691406,36.85818362236023,0.7992032718633736
33_skin,BNNDAD_selftuning,50,512,,0.4284403324127197,62.103453636169434,0.8075729460864338
33_skin,BNNDAD_selftuning,50,1024,,0.8553872108459473,125.14356088638306,0.8038379004808169
33_skin,BNNDAD_selftuning,100,32,,0.38205909729003906,25.84224224090576,0.6634897303510441
33_skin,BNNDAD_selftuning,100,64,,0.33548688888549805,28.591496229171753,0.7009681762157188
33_skin,BNNDAD_selftuning,100,128,,0.41044187545776367,40.57581067085266,0.7716030866665141
33_skin,BNNDAD_selftuning,100,256,,0.49302029609680176,70.39001131057739,0.7991341765290201
33_skin,BNNDAD_selftuning,100,512,,0.5925815105438232,125.79971051216125,0.8087931238155439
33_skin,BNNDAD_selftuning,100,1024,,1.3042938709259033,248.15738248825073,0.8040571967511579
3_backdoor,BNNDAD_selftuning,1,32,,0.3681955337524414,0.7085976600646973,0.9238851092120389
3_backdoor,BNNDAD_selftuning,1,64,,0.33544135093688965,0.6373658180236816,0.878544892126853
3_backdoor,BNNDAD_selftuning,1,128,,0.2917332649230957,0.7767634391784668,0.9009397221568166
3_backdoor,BNNDAD_selftuning,1,256,,0.3073611259460449,1.0936968326568604,0.9041024298582159
3_backdoor,BNNDAD_selftuning,1,512,,0.3674900531768799,1.5871756076812744,0.9103684307723561
3_backdoor,BNNDAD_selftuning,1,1024,,0.6627895832061768,2.3221044540405273,0.9191982945285484
3_backdoor,BNNDAD_selftuning,5,32,,0.27797889709472656,1.971675157546997,0.9144218387142943
3_backdoor,BNNDAD_selftuning,5,64,,0.23215365409851074,2.1785635948181152,0.8946263383149351
3_backdoor,BNNDAD_selftuning,5,128,,0.22882390022277832,3.232306957244873,0.900543179268411
3_backdoor,BNNDAD_selftuning,5,256,,0.4442157745361328,5.574991941452026,0.9139854753297598
3_backdoor,BNNDAD_selftuning,5,512,,0.41779184341430664,11.140170812606812,0.9153722166050314
3_backdoor,BNNDAD_selftuning,5,1024,,0.9059631824493408,19.36529517173767,0.9228626112088348
3_backdoor,BNNDAD_selftuning,20,32,,0.5703222751617432,21.046265363693237,0.9093712747637317
3_backdoor,BNNDAD_selftuning,20,64,,0.5601389408111572,21.807987689971924,0.8875408292820306
3_backdoor,BNNDAD_selftuning,20,128,,0.4630575180053711,19.897682905197144,0.8922519702488954
3_backdoor,BNNDAD_selftuning,20,256,,0.35887622833251953,29.309674978256226,0.8979300636666251
3_backdoor,BNNDAD_selftuning,20,512,,0.6093854904174805,53.08011794090271,0.9117114641477029
3_backdoor,BNNDAD_selftuning,20,1024,,1.1405842304229736,80.63752889633179,0.915995360046538
3_backdoor,BNNDAD_selftuning,50,32,,0.7030293941497803,37.85205125808716,0.8995585349750919
3_backdoor,BNNDAD_selftuning,50,64,,0.5979173183441162,51.5254430770874,0.8861510547237497
3_backdoor,BNNDAD_selftuning,50,128,,0.6896176338195801,51.674659967422485,0.8918372784479932
3_backdoor,BNNDAD_selftuning,50,256,,0.8103904724121094,73.70688104629517,0.8994387318383912
3_backdoor,BNNDAD_selftuning,50,512,,0.8923969268798828,117.783442735672,0.9143261356343808
3_backdoor,BNNDAD_selftuning,50,1024,,2.7054879665374756,192.51970100402832,0.9177829655997083
3_backdoor,BNNDAD_selftuning,100,32,,0.9685482978820801,86.75101399421692,0.8966479083274468
3_backdoor,BNNDAD_selftuning,100,64,,0.6691169738769531,93.21254110336304,0.8925517435606218
3_backdoor,BNNDAD_selftuning,100,128,,0.910865068435669,112.85831046104431,0.8938040092891408
3_backdoor,BNNDAD_selftuning,100,256,,0.9677300453186035,142.93604588508606,0.9007379557426928
3_backdoor,BNNDAD_selftuning,100,512,,1.4957025051116943,227.82396006584167,0.9118513414313217
3_backdoor,BNNDAD_selftuning,100,1024,,5.305170774459839,393.96080780029297,0.9180914140085044
5_campaign,BNNDAD_selftuning,1,32,,0.16602468490600586,0.21403217315673828,0.6494488471466904
5_campaign,BNNDAD_selftuning,1,64,,0.15706348419189453,0.21883463859558105,0.6429748089899726
5_campaign,BNNDAD_selftuning,1,128,,0.16141819953918457,0.2683262825012207,0.6490274834605789
5_campaign,BNNDAD_selftuning,1,256,,0.17683696746826172,0.32400965690612793,0.6695970615402324
5_campaign,BNNDAD_selftuning,1,512,,0.20540595054626465,0.46110081672668457,0.6814995773154247
5_campaign,BNNDAD_selftuning,1,1024,,0.4206080436706543,0.8844027519226074,0.67180452112102
5_campaign,BNNDAD_selftuning,5,32,,0.1509702205657959,0.9394199848175049,0.6584503774912915
5_campaign,BNNDAD_selftuning,5,64,,0.16505026817321777,1.07521653175354,0.668915311654395
5_campaign,BNNDAD_selftuning,5,128,,0.15889239311218262,1.1654863357543945,0.6661295974023769
5_campaign,BNNDAD_selftuning,5,256,,0.17445826530456543,1.614687204360962,0.6780752425718847
5_campaign,BNNDAD_selftuning,5,512,,0.25580716133117676,2.584455728530884,0.6797410019134025
5_campaign,BNNDAD_selftuning,5,1024,,0.4816246032714844,4.1639015674591064,0.6761659501628469
5_campaign,BNNDAD_selftuning,20,32,,0.17075824737548828,3.0312023162841797,0.6753970923452578
5_campaign,BNNDAD_selftuning,20,64,,0.17519688606262207,4.394103288650513,0.6777898833088654
5_campaign,BNNDAD_selftuning,20,128,,0.23540544509887695,5.4009904861450195,0.6814000742528483
5_campaign,BNNDAD_selftuning,20,256,,0.22145819664001465,8.080401420593262,0.6843585891298357
5_campaign,BNNDAD_selftuning,20,512,,0.31467723846435547,11.51759958267212,0.6859117780396493
5_campaign,BNNDAD_selftuning,20,1024,,0.5633931159973145,19.796350240707397,0.6830862896880059
5_campaign,BNNDAD_selftuning,50,32,,0.2560427188873291,11.925052404403687,0.6848198094711536
5_campaign,BNNDAD_selftuning,50,64,,0.27435779571533203,11.92522406578064,0.687150548121884
5_campaign,BNNDAD_selftuning,50,128,,0.2934906482696533,12.06502079963684,0.6893210640801137
5_campaign,BNNDAD_selftuning,50,256,,0.1572892665863037,14.02344274520874,0.6901414365803309
5_campaign,BNNDAD_selftuning,50,512,,0.39079785346984863,27.755516052246094,0.6899093020798346
5_campaign,BNNDAD_selftuning,50,1024,,1.033308982849121,44.30955624580383,0.6872030298841769
5_campaign,BNNDAD_selftuning,100,32,,0.34752631187438965,16.796629905700684,0.689446112198224
5_campaign,BNNDAD_selftuning,100,64,,0.2856578826904297,17.62190055847168,0.6909532174032826
5_campaign,BNNDAD_selftuning,100,128,,0.2655317783355713,20.716246366500854,0.6908693881074676
5_campaign,BNNDAD_selftuning,100,256,,0.3678584098815918,30.220129013061523,0.6896310779777562
5_campaign,BNNDAD_selftuning,100,512,,0.6081700325012207,46.52666091918945,0.6886711334739765
5_campaign,BNNDAD_selftuning,100,1024,,1.867234230041504,86.1655592918396,0.6871146482377449
8_celeba,BNNDAD_selftuning,1,32,,0.20708775520324707,0.5661473274230957,0.7594405494784208
8_celeba,BNNDAD_selftuning,1,64,,0.25466108322143555,0.6853539943695068,0.7173711625745427
8_celeba,BNNDAD_selftuning,1,128,,0.2650892734527588,0.6855192184448242,0.7154705009106711
8_celeba,BNNDAD_selftuning,1,256,,0.2598996162414551,1.0198285579681396,0.6653389704083732
8_celeba,BNNDAD_selftuning,1,512,,0.27677297592163086,1.763993501663208,0.634391485161359
8_celeba,BNNDAD_selftuning,1,1024,,0.4236760139465332,3.6240122318267822,0.6307309641920664
8_celeba,BNNDAD_selftuning,5,32,,0.2339308261871338,2.5470993518829346,0.678806563835874
8_celeba,BNNDAD_selftuning,5,64,,0.27979612350463867,2.7982161045074463,0.6599552619198924
8_celeba,BNNDAD_selftuning,5,128,,0.2360520362854004,3.3952136039733887,0.6723692570341526
8_celeba,BNNDAD_selftuning,5,256,,0.25307750701904297,5.0797741413116455,0.6546090047478095
8_celeba,BNNDAD_selftuning,5,512,,0.24988007545471191,8.625945091247559,0.6453806718076245
8_celeba,BNNDAD_selftuning,5,1024,,0.4912433624267578,18.27879810333252,0.6385604358032901
8_celeba,BNNDAD_selftuning,20,32,,0.26982665061950684,9.732873439788818,0.6931003526359053
8_celeba,BNNDAD_selftuning,20,64,,0.2773706912994385,10.664350032806396,0.6959397496205076
8_celeba,BNNDAD_selftuning,20,128,,0.2623717784881592,12.565542221069336,0.669465910814971
8_celeba,BNNDAD_selftuning,20,256,,0.26703715324401855,20.949419736862183,0.6505730167450052
8_celeba,BNNDAD_selftuning,20,512,,0.37407445907592773,36.46081233024597,0.6374480684666097
8_celeba,BNNDAD_selftuning,20,1024,,0.7038455009460449,70.72834539413452,0.6356509749361686
8_celeba,BNNDAD_selftuning,50,32,,0.3616962432861328,24.189002752304077,0.7036202227021295
8_celeba,BNNDAD_selftuning,50,64,,0.32052016258239746,25.367759227752686,0.6978832521302016
8_celeba,BNNDAD_selftuning,50,128,,0.33472561836242676,34.14668679237366,0.6764692053759545
8_celeba,BNNDAD_selftuning,50,256,,0.3015739917755127,47.2894971370697,0.6524209140996358
8_celeba,BNNDAD_selftuning,50,512,,0.4085264205932617,83.30510139465332,0.6398821403025396
8_celeba,BNNDAD_selftuning,50,1024,,1.3336775302886963,184.81815719604492,0.6349271967241114
8_celeba,BNNDAD_selftuning,100,32,,0.4747135639190674,49.388070583343506,0.7121779886923353
8_celeba,BNNDAD_selftuning,100,64,,0.47463178634643555,52.38457727432251,0.6972255818516423
8_celeba,BNNDAD_selftuning,100,128,,0.5224587917327881,67.30155777931213,0.6788212077875144
8_celeba,BNNDAD_selftuning,100,256,,0.5447742938995361,107.70978021621704,0.6594113475233379
8_celeba,BNNDAD_selftuning,100,512,,0.9309289455413818,178.07024574279785,0.645181645097452
8_celeba,BNNDAD_selftuning,100,1024,,2.0653843879699707,374.58223605155945,0.6377179446968966
9_census,BNNDAD_selftuning,1,32,,1.703150749206543,6.8917577266693115,0.5997070662664234
9_census,BNNDAD_selftuning,1,64,,1.4880280494689941,4.600473165512085,0.6223392680198649
9_census,BNNDAD_selftuning,1,128,,1.3765556812286377,6.394145965576172,0.6361157722154203
9_census,BNNDAD_selftuning,1,256,,1.7259447574615479,9.59130311012268,0.645708679400374
9_census,BNNDAD_selftuning,1,512,,1.8951642513275146,12.421679258346558,0.6399023814551682
9_census,BNNDAD_selftuning,1,1024,,2.5500762462615967,29.466632843017578,0.6337196263890369
9_census,BNNDAD_selftuning,5,32,,1.8336782455444336,24.646025896072388,0.6195695538828998
9_census,BNNDAD_selftuning,5,64,,1.4990882873535156,25.205667734146118,0.6281515388910164
9_census,BNNDAD_selftuning,5,128,,1.92291259765625,35.799100160598755,0.6411518932745184
9_census,BNNDAD_selftuning,5,256,,1.702254056930542,43.65855813026428,0.6484957101879129
9_census,BNNDAD_selftuning,5,512,,1.6677396297454834,55.301597356796265,0.6475165298159523
9_census,BNNDAD_selftuning,5,1024,,5.23675274848938,130.05707001686096,0.6445100565916057
9_census,BNNDAD_selftuning,20,32,,2.065142869949341,70.79982399940491,0.6395025466017648
9_census,BNNDAD_selftuning,20,64,,1.8059160709381104,87.67754220962524,0.6411538432574724
9_census,BNNDAD_selftuning,20,128,,1.6067371368408203,115.52580714225769,0.6459081445841284
9_census,BNNDAD_selftuning,20,256,,1.9965670108795166,198.9518735408783,0.6460859702138346
9_census,BNNDAD_selftuning,20,512,,4.06834077835083,290.94799852371216,0.644882676482202
9_census,BNNDAD_selftuning,20,1024,,7.217911243438721,488.6642460823059,0.6444495047670269
9_census,BNNDAD_selftuning,50,32,,3.120150327682495,262.50299525260925,0.6400621320436459
9_census,BNNDAD_selftuning,50,64,,4.302240610122681,318.01560044288635,0.6393729451594176
9_census,BNNDAD_selftuning,50,128,,3.128929853439331,193.56295490264893,0.6434967282079394
9_census,BNNDAD_selftuning,50,256,,1.5312778949737549,258.4427423477173,0.6454499736040147
9_census,BNNDAD_selftuning,50,512,,2.1862478256225586,569.0793716907501,0.6451612351156424
9_census,BNNDAD_selftuning,50,1024,,11.756694555282593,1120.9531378746033,0.6431494426516666
9_census,BNNDAD_selftuning,100,32,,2.944706916809082,569.3047409057617,0.6357680148952667
9_census,BNNDAD_selftuning,100,64,,3.2214791774749756,560.8322424888611,0.6381895846508221
9_census,BNNDAD_selftuning,100,128,,4.744414806365967,679.7800047397614,0.6422046480918714
9_census,BNNDAD_selftuning,100,256,,5.497795820236206,935.3727777004242,0.6441728650365289
9_census,BNNDAD_selftuning,100,512,,6.998887777328491,1402.1711626052856,0.6439822377034992
9_census,BNNDAD_selftuning,100,1024,,20.581345081329346,2322.034604072571,0.6429630266602175
9_census,OCSVM,0.01,,,58671.681321144104,22759.492649555206,0.5336134616928198
9_census,KNN,450,,,31.549572944641113,84635.38251495361,0.6469229883102152
9_census,KNN,500,,,31.549572944641113,48059.30611824989,0.6467742376477179
9_census,OCSVM,0.1,,,64986.6363697052,21113.11677670479,0.5498920707648983
9_census,KNN,550,,,31.549572944641113,35625.129521369934,0.6467872833866883
9_census,KNN,600,,,31.549572944641113,35153.6801879406,0.6469439214654794
9_census,OCSVM,1,,,47616.57140088081,28179.793735027313,0.6226306491725626
9_census,KNN,650,,,31.549572944641113,37641.04686045647,0.6467903673104385
9_census,LOF,50,,,29147.451456308365,0.0033817291259765625,0.5315370161856888
9_census,KNN,700,,,31.549572944641113,37175.13998913765,0.6465440350039084
9_census,LOF,100,,,34978.15929222107,0.0030219554901123047,0.4999586754793045
9_census,KNN,750,,,31.549572944641113,39852.61070251465,0.6461276134005758
9_census,LOF,150,,,35896.61242413521,0.003676176071166992,0.4830633018016613
9_census,KNN,800,,,31.549572944641113,37655.34281682968,0.6459347266274387
9_census,LOF,200,,,36254.48225712776,0.003110170364379883,0.4774881248954244
9_census,KNN,850,,,31.549572944641113,37253.68162369728,0.6458441402882538
9_census,LOF,250,,,37133.41613650322,0.003403902053833008,0.47763548098628716
9_census,KNN,900,,,31.549572944641113,37337.04384589195,0.6456061512381884
9_census,LOF,300,,,37400.13656163216,0.0028166770935058594,0.47391920245552904
9_census,OCSVM,10.0,,,185745.44940400124,26654.078588485718,0.5965555396539302
9_census,KNN,950,,,31.549572944641113,37157.83181142807,0.6453052113511626
9_census,LOF,350,,,37857.160034418106,0.0017900466918945312,0.47773291931693285
9_census,KNN,1000,,,31.549572944641113,37310.4346241951,0.644993634521996
9_census,LOF,400,,,38342.11383461952,0.0017976760864257812,0.47595041493864554
9_census,LOF,450,,,38801.95188641548,0.002222776412963867,0.4700077400126236
9_census,LOF,500,,,39263.85065627098,0.0025784969329833984,0.46146172225208054
9_census,LOF,550,,,39578.85516691208,0.0024557113647460938,0.45959408425406234
9_census,LOF,600,,,39874.23151087761,0.002569437026977539,0.4630846376771359
9_census,LOF,650,,,40203.37405848503,0.00261688232421875,0.46564451147015656
9_census,LOF,700,,,40662.89279580116,0.001913309097290039,0.46471042224771264
9_census,LOF,750,,,40934.95613193512,0.002331256866455078,0.46499056346767303
9_census,LOF,800,,,41194.69646906853,0.0024666786193847656,0.4662147848867901
9_census,LOF,850,,,41414.52663373947,0.0024971961975097656,0.4714247400003926
9_census,LOF,900,,,41707.29636287689,0.0025446414947509766,0.4694432131366654
