NNDAD-B,0,1,1000,0.1,1.915776014328003,0.10525703430175781,0.9994333333333333,0.9703316975501877,1,0.1
NNDAD-B,0,1,1000,0.1,2.5023081302642822,0.0872354507446289,0.9988888888888888,0.9661886052948151,5,0.1
NNDAD-B,0,1,1000,0.1,2.4759278297424316,0.05236959457397461,0.9991666666666668,0.9674131884777991,10,0.1
NNDAD-B,0,1,1000,0.1,1.9307589530944824,0.09717106819152832,0.9984444444444445,0.8992207801726071,1,0.30000000000000004
NNDAD-B,0,1,1000,0.1,1.6543700695037842,0.07988238334655762,0.9972777777777777,0.87799807926311,5,0.30000000000000004
NNDAD-B,0,1,1000,0.1,0.04938220977783203,0.09793353080749512,0.9975555555555556,0.8736050376242885,10,0.30000000000000004
NNDAD-B,0,1,1000,0.1,0.22298336029052734,0.10662460327148438,0.9978888888888888,0.8743795674833204,1,0.5
NNDAD-B,0,1,1000,0.1,0.05109381675720215,0.08137202262878418,0.9961555555555556,0.842187784338723,5,0.5
NNDAD-B,0,1,1000,0.1,0.04935574531555176,0.06438589096069336,0.9972000000000001,0.8286068212305012,10,0.5
NNDAD-B,0,1,1000,0.1,0.1356954574584961,0.11646246910095215,0.9972555555555556,0.8569581453030972,1,0.7000000000000001
NNDAD-B,0,1,1000,0.1,0.03382086753845215,0.07864785194396973,0.9953777777777777,0.8165004377739711,5,0.7000000000000001
NNDAD-B,0,1,1000,0.1,0.023247718811035156,0.04822421073913574,0.9976,0.8022430863640196,10,0.7000000000000001
NNDAD-B,0,1,1000,0.1,0.1066141128540039,0.11522340774536133,0.9969111111111111,0.8422464381032496,1,0.9
NNDAD-B,0,1,1000,0.1,0.019588708877563477,0.08070755004882812,0.9951111111111111,0.7994296120309171,5,0.9
NNDAD-B,0,1,1000,0.1,0.025424480438232422,0.06324458122253418,0.9986111111111111,0.7884743036415088,10,0.9
NNDAD-B,0,1,1000,0.1,0.1349794864654541,0.11499238014221191,0.9964555555555555,0.8291396379393661,1,1.1
NNDAD-B,0,1,1000,0.1,0.017101526260375977,0.07802367210388184,0.9949666666666667,0.7851219100402436,5,1.1
NNDAD-B,0,1,1000,0.1,0.01550436019897461,0.06299543380737305,0.9993777777777777,0.8000205424709388,10,1.1
NNDAD-B,0,1,1000,0.1,0.10663223266601562,0.1273667812347412,0.9960555555555555,0.8174753053605391,1,1.3000000000000003
NNDAD-B,0,1,1000,0.1,0.013997316360473633,0.07831954956054688,0.9952,0.7701592441642456,5,1.3000000000000003
NNDAD-B,0,1,1000,0.1,0.021220684051513672,0.06348896026611328,0.9985888888888889,0.8166102055026511,10,1.3000000000000003
NNDAD-B,0,1,1000,0.1,0.1349048614501953,0.11530780792236328,0.9958444444444444,0.8073363228782332,1,1.5000000000000002
NNDAD-B,0,1,1000,0.1,0.028396129608154297,0.07874679565429688,0.9958111111111112,0.7627073977997453,5,1.5000000000000002
NNDAD-B,0,1,1000,0.1,0.011806249618530273,0.06311297416687012,0.9959666666666667,0.8288776465694634,10,1.5000000000000002
NNDAD-B,0,1,1000,0.1,0.15851354598999023,0.10324954986572266,0.9957444444444444,0.7992481461715041,1,1.7000000000000002
NNDAD-B,0,1,1000,0.1,0.020321130752563477,0.0869898796081543,0.9964222222222222,0.76747327101254,5,1.7000000000000002
NNDAD-B,0,1,1000,0.1,0.016982555389404297,0.0646824836730957,0.9918555555555555,0.8372253555559517,10,1.7000000000000002
NNDAD-B,0,1,1000,0.1,0.13684368133544922,0.11270308494567871,0.9956999999999999,0.7931116044458978,1,1.9000000000000001
NNDAD-B,0,1,1000,0.1,0.01665663719177246,0.07701325416564941,0.9965111111111111,0.7778316703930653,5,1.9000000000000001
NNDAD-B,0,1,1000,0.1,0.013643026351928711,0.044130802154541016,0.9871444444444445,0.8438278129308923,10,1.9000000000000001
NNDAD-B,0,1,5000,0.1,2.6590077877044678,2.4390385150909424,0.9993302222222222,0.9505993802270923,1,0.1
NNDAD-B,0,1,5000,0.1,0.23171114921569824,2.624607563018799,0.997971111111111,0.9302888383622256,5,0.1
NNDAD-B,0,1,5000,0.1,0.06325149536132812,2.8495280742645264,0.998632,0.9095513282265429,10,0.1
NNDAD-B,0,1,5000,0.1,2.4402012825012207,2.4338316917419434,0.999264888888889,0.9210681426967133,1,0.30000000000000004
NNDAD-B,0,1,5000,0.1,0.14401483535766602,2.588350296020508,0.9980724444444444,0.8942601304602689,5,0.30000000000000004
NNDAD-B,0,1,5000,0.1,0.07521319389343262,2.804788112640381,0.9978422222222222,0.8717609496194991,10,0.30000000000000004
NNDAD-B,0,1,5000,0.1,2.9897985458374023,2.4870834350585938,0.9990488888888889,0.9054105147664134,1,0.5
NNDAD-B,0,1,5000,0.1,0.21662545204162598,2.61440110206604,0.997548,0.8755254537242827,5,0.5
NNDAD-B,0,1,5000,0.1,0.13733386993408203,2.8690953254699707,0.9966577777777778,0.8527899288835381,10,0.5
NNDAD-B,0,1,5000,0.1,2.542699098587036,2.448723554611206,0.9987191111111111,0.8957331156581355,1,0.7000000000000001
NNDAD-B,0,1,5000,0.1,0.18129396438598633,2.5941615104675293,0.9969595555555556,0.8614418051029538,5,0.7000000000000001
NNDAD-B,0,1,5000,0.1,0.08089828491210938,2.7799630165100098,0.995576,0.8369150655508456,10,0.7000000000000001
NNDAD-B,0,1,5000,0.1,2.501699447631836,2.45204496383667,0.9983773333333333,0.8882241342215135,1,0.9
NNDAD-B,0,1,5000,0.1,0.21310806274414062,2.5795276165008545,0.9963248888888889,0.8492093286968936,5,0.9
NNDAD-B,0,1,5000,0.1,0.0900716781616211,2.8641583919525146,0.994655111111111,0.8228064948108755,10,0.9
NNDAD-B,0,1,5000,0.1,2.4620044231414795,2.462523937225342,0.9980377777777778,0.8816280241321419,1,1.1
NNDAD-B,0,1,5000,0.1,0.1624293327331543,2.5980019569396973,0.9956977777777778,0.8379251338535938,5,1.1
NNDAD-B,0,1,5000,0.1,0.04561185836791992,2.7919740676879883,0.9939848888888888,0.8108574857792876,10,1.1
NNDAD-B,0,1,5000,0.1,2.916578531265259,2.449148654937744,0.9976253333333334,0.8755380521151899,1,1.3000000000000003
NNDAD-B,0,1,5000,0.1,0.18584299087524414,2.5786960124969482,0.9951786666666667,0.8276157043816544,5,1.3000000000000003
NNDAD-B,0,1,5000,0.1,0.12792205810546875,2.8123371601104736,0.9935400000000001,0.8015055205577127,10,1.3000000000000003
NNDAD-B,0,1,5000,0.1,2.5895466804504395,2.4054746627807617,0.9972448888888888,0.8697010088781717,1,1.5000000000000002
NNDAD-B,0,1,5000,0.1,0.2306966781616211,2.6525256633758545,0.9947266666666666,0.8183476147242911,5,1.5000000000000002
NNDAD-B,0,1,5000,0.1,0.09084606170654297,2.8374361991882324,0.9932968888888889,0.7940240758721465,10,1.5000000000000002
NNDAD-B,0,1,5000,0.1,2.7492294311523438,2.4675214290618896,0.9968515555555555,0.8641486574200288,1,1.7000000000000002
NNDAD-B,0,1,5000,0.1,0.1086890697479248,2.5870790481567383,0.9944102222222222,0.8105309780246716,5,1.7000000000000002
NNDAD-B,0,1,5000,0.1,0.07760787010192871,2.829204797744751,0.9932266666666667,0.7874450304520726,10,1.7000000000000002
NNDAD-B,0,1,5000,0.1,2.9511499404907227,2.4723598957061768,0.9964471111111112,0.8588303995921829,1,1.9000000000000001
NNDAD-B,0,1,5000,0.1,0.14869403839111328,2.550990581512451,0.9941626666666668,0.8042972831534615,5,1.9000000000000001
NNDAD-B,0,1,5000,0.1,0.09865999221801758,2.8174479007720947,0.9933288888888889,0.7807656671405203,10,1.9000000000000001
NNDAD-B,0,5,1000,0.1,0.10645151138305664,0.10173463821411133,0.5,inf,1,0.1
NNDAD-B,0,5,1000,0.1,0.021878719329833984,0.07645463943481445,0.7875444444444445,1999.9556124462727,5,0.1
NNDAD-B,0,5,1000,0.1,0.014516353607177734,0.06799960136413574,0.8948222222222223,46.53469415856853,10,0.1
NNDAD-B,0,5,1000,0.1,0.1164703369140625,0.11648154258728027,0.9359,67.98048136781583,1,0.30000000000000004
NNDAD-B,0,5,1000,0.1,0.0213015079498291,0.0961313247680664,0.8572777777777778,33.09992437030416,5,0.30000000000000004
NNDAD-B,0,5,1000,0.1,0.01499795913696289,0.08307456970214844,0.8922111111111111,25.937768296907763,10,0.30000000000000004
NNDAD-B,0,5,1000,0.1,0.1159677505493164,0.11772036552429199,0.9266222222222222,26.370650755634575,1,0.5
NNDAD-B,0,5,1000,0.1,0.017050981521606445,0.09616398811340332,0.858111111111111,22.65856822786048,5,0.5
NNDAD-B,0,5,1000,0.1,0.016281843185424805,0.08306646347045898,0.8538444444444444,22.76591144587753,10,0.5
NNDAD-B,0,5,1000,0.1,0.1149442195892334,0.11731481552124023,0.9128000000000001,22.87016388506433,1,0.7000000000000001
NNDAD-B,0,5,1000,0.1,0.018596410751342773,0.09709429740905762,0.8323666666666667,23.114934102300573,5,0.7000000000000001
NNDAD-B,0,5,1000,0.1,0.016202926635742188,0.08324050903320312,0.8090555555555555,23.733836118663557,10,0.7000000000000001
NNDAD-B,0,5,1000,0.1,0.11658167839050293,0.1156303882598877,0.8983222222222222,22.470853520772554,1,0.9
NNDAD-B,0,5,1000,0.1,0.0191800594329834,0.09627652168273926,0.8001333333333334,23.860978143773472,5,0.9
NNDAD-B,0,5,1000,0.1,0.017897605895996094,0.0833745002746582,0.7766444444444445,24.408706143549566,10,0.9
NNDAD-B,0,5,1000,0.1,0.1481187343597412,0.10703516006469727,0.8809111111111111,22.722152003533832,1,1.1
NNDAD-B,0,5,1000,0.1,0.017221689224243164,0.09619522094726562,0.7736555555555555,24.36204444575228,5,1.1
NNDAD-B,0,5,1000,0.1,0.015897274017333984,0.08318495750427246,0.7536222222222222,24.808923627017144,10,1.1
NNDAD-B,0,5,1000,0.1,0.13304877281188965,0.09935736656188965,0.8616111111111111,23.11572978207195,1,1.3000000000000003
NNDAD-B,0,5,1000,0.1,0.019137144088745117,0.08721256256103516,0.7533555555555556,24.692658014970092,5,1.3000000000000003
NNDAD-B,0,5,1000,0.1,0.015871047973632812,0.0682525634765625,0.7388444444444444,25.064222270016153,10,1.3000000000000003
NNDAD-B,0,5,1000,0.1,0.12315487861633301,0.10059165954589844,0.8429666666666666,23.497167075974357,1,1.5000000000000002
NNDAD-B,0,5,1000,0.1,0.019047021865844727,0.09644937515258789,0.7386555555555554,24.921569517744796,5,1.5000000000000002
NNDAD-B,0,5,1000,0.1,0.015604734420776367,0.08297562599182129,0.7285555555555554,25.239440830960238,10,1.5000000000000002
NNDAD-B,0,5,1000,0.1,0.14870834350585938,0.10279083251953125,0.8251666666666667,23.82484847141202,1,1.7000000000000002
NNDAD-B,0,5,1000,0.1,0.020147085189819336,0.09657931327819824,0.7288888888888889,25.08868939916715,5,1.7000000000000002
NNDAD-B,0,5,1000,0.1,0.013397455215454102,0.08303260803222656,0.7220777777777777,25.36701259283218,10,1.7000000000000002
NNDAD-B,0,5,1000,0.1,0.1196756362915039,0.10306763648986816,0.8097333333333334,24.094286159410533,1,1.9000000000000001
NNDAD-B,0,5,1000,0.1,0.01935577392578125,0.09668803215026855,0.7216666666666668,25.216146916486018,5,1.9000000000000001
NNDAD-B,0,5,1000,0.1,0.01688218116760254,0.08304023742675781,0.7175222222222221,25.46592437902055,10,1.9000000000000001
NNDAD-B,0,5,5000,0.1,2.872398614883423,2.725581169128418,0.9334106666666668,153987.3316368492,1,0.1
NNDAD-B,0,5,5000,0.1,0.12301826477050781,2.741363048553467,0.851384888888889,inf,5,0.1
NNDAD-B,0,5,5000,0.1,0.05948781967163086,3.022953987121582,0.9210177777777777,67.82942739022553,10,0.1
NNDAD-B,0,5,5000,0.1,2.912652015686035,2.675121307373047,0.971868,35.134106864841,1,0.30000000000000004
NNDAD-B,0,5,5000,0.1,0.12576031684875488,2.732696533203125,0.953948,26.434020774963425,5,0.30000000000000004
NNDAD-B,0,5,5000,0.1,0.05635833740234375,3.0285298824310303,0.9532257777777777,23.994207814751228,10,0.30000000000000004
NNDAD-B,0,5,5000,0.1,2.8857498168945312,2.6886959075927734,0.9687653333333334,24.864914084141773,1,0.5
NNDAD-B,0,5,5000,0.1,0.12702345848083496,2.7611613273620605,0.9492057777777777,22.628557384657704,5,0.5
NNDAD-B,0,5,5000,0.1,0.0475466251373291,3.0285122394561768,0.9413115555555556,22.231356356133137,10,0.5
NNDAD-B,0,5,5000,0.1,2.8886947631835938,2.7044179439544678,0.9649657777777778,22.981192115100484,1,0.7000000000000001
NNDAD-B,0,5,5000,0.1,0.14295697212219238,2.6678574085235596,0.935846222222222,22.37395151797502,5,0.7000000000000001
NNDAD-B,0,5,5000,0.1,0.055635929107666016,2.8381359577178955,0.9193284444444446,22.620540074440996,10,0.7000000000000001
NNDAD-B,0,5,5000,0.1,2.862170457839966,2.6985602378845215,0.9608666666666666,22.40153573010787,1,0.9
NNDAD-B,0,5,5000,0.1,0.1306297779083252,2.76151967048645,0.918196,22.624492142182802,5,0.9
NNDAD-B,0,5,5000,0.1,0.05437302589416504,3.023139476776123,0.8900608888888888,23.156515700031562,10,0.9
NNDAD-B,0,5,5000,0.1,2.8474204540252686,2.6727752685546875,0.9560364444444445,22.249735862549873,1,1.1
NNDAD-B,0,5,5000,0.1,0.12808465957641602,2.7453629970550537,0.8972977777777777,22.975703013812527,5,1.1
NNDAD-B,0,5,5000,0.1,0.04934263229370117,2.707221508026123,0.8581000000000002,23.612298978809886,10,1.1
NNDAD-B,0,5,5000,0.1,2.735995292663574,2.6647417545318604,0.9504217777777778,22.27406765827765,1,1.3000000000000003
NNDAD-B,0,5,5000,0.1,0.12306332588195801,2.613403797149658,0.8746573333333334,23.32321045033525,5,1.3000000000000003
NNDAD-B,0,5,5000,0.1,0.055020809173583984,2.689600944519043,0.8267688888888888,23.964241444470588,10,1.3000000000000003
NNDAD-B,0,5,5000,0.1,2.7164206504821777,2.719407796859741,0.9438182222222222,22.37706904582002,1,1.5000000000000002
NNDAD-B,0,5,5000,0.1,0.1303086280822754,2.676119804382324,0.851868,23.62892108383809,5,1.5000000000000002
NNDAD-B,0,5,5000,0.1,0.05208420753479004,3.0087788105010986,0.799123111111111,24.231334708020018,10,1.5000000000000002
NNDAD-B,0,5,5000,0.1,2.852071762084961,2.697300910949707,0.9363675555555556,22.518222934584333,1,1.7000000000000002
NNDAD-B,0,5,5000,0.1,0.1265573501586914,2.732041358947754,0.8301133333333334,23.884736674869643,5,1.7000000000000002
NNDAD-B,0,5,5000,0.1,0.055272817611694336,3.0125911235809326,0.7767004444444444,24.436283097769657,10,1.7000000000000002
NNDAD-B,0,5,5000,0.1,2.8489341735839844,2.6873021125793457,0.9281404444444443,22.677256624734483,1,1.9000000000000001
NNDAD-B,0,5,5000,0.1,0.12408852577209473,2.7223384380340576,0.8100235555555555,24.095295715209147,5,1.9000000000000001
NNDAD-B,0,5,5000,0.1,0.05179142951965332,2.991942882537842,0.75834,24.59667320393158,10,1.9000000000000001
NNDAD-B,1,1,1000,0.1,0.10615730285644531,0.09428238868713379,0.9985222222222222,0.9856145789130573,1,0.1
NNDAD-B,1,1,1000,0.1,0.018169403076171875,0.0718841552734375,0.9952555555555556,0.9312944884283612,5,0.1
NNDAD-B,1,1,1000,0.1,0.020981311798095703,0.060250282287597656,0.9966111111111111,0.8884171772392045,10,0.1
NNDAD-B,1,1,1000,0.1,0.1032874584197998,0.11112427711486816,0.9977222222222223,0.8888365205816621,1,0.30000000000000004
NNDAD-B,1,1,1000,0.1,0.016961336135864258,0.07204508781433105,0.9904666666666666,0.8546234738483084,5,0.30000000000000004
NNDAD-B,1,1,1000,0.1,0.018315553665161133,0.06020808219909668,0.9927333333333334,0.7923783482744464,10,0.30000000000000004
NNDAD-B,1,1,1000,0.1,0.13581418991088867,0.10178637504577637,0.9961,0.8560574682808311,1,0.5
NNDAD-B,1,1,1000,0.1,0.01934337615966797,0.07188153266906738,0.9883000000000001,0.8191884413018038,5,0.5
NNDAD-B,1,1,1000,0.1,0.01846623420715332,0.06048274040222168,0.9907,0.7662432058268157,10,0.5
NNDAD-B,1,1,1000,0.1,0.13591957092285156,0.1017906665802002,0.9941666666666668,0.8359744361274329,1,0.7000000000000001
NNDAD-B,1,1,1000,0.1,0.017882585525512695,0.07209944725036621,0.9866,0.7975294533651153,5,0.7000000000000001
NNDAD-B,1,1,1000,0.1,0.018195152282714844,0.060263633728027344,0.9899444444444445,0.7543017322440239,10,0.7000000000000001
NNDAD-B,1,1,1000,0.1,0.1059412956237793,0.11017942428588867,0.9924888888888889,0.820985539542083,1,0.9
NNDAD-B,1,1,1000,0.1,0.017891407012939453,0.0720219612121582,0.9856666666666667,0.7832541554812623,5,0.9
NNDAD-B,1,1,1000,0.1,0.018702030181884766,0.06017303466796875,0.9899333333333333,0.7458711454841488,10,0.9
NNDAD-B,1,1,1000,0.1,0.13654494285583496,0.10179948806762695,0.9912444444444445,0.809156892922203,1,1.1
NNDAD-B,1,1,1000,0.1,0.010899543762207031,0.07205367088317871,0.9855111111111111,0.7714729348145567,5,1.1
NNDAD-B,1,1,1000,0.1,0.010893821716308594,0.06045055389404297,0.9908,0.7474541522122907,10,1.1
NNDAD-B,1,1,1000,0.1,0.14038610458374023,0.09847092628479004,0.9901777777777777,0.799578245268079,1,1.3000000000000003
NNDAD-B,1,1,1000,0.1,0.0193331241607666,0.07205533981323242,0.9857888888888889,0.7632148229435181,5,1.3000000000000003
NNDAD-B,1,1,1000,0.1,0.019688844680786133,0.060401201248168945,0.9913888888888889,0.7582210862009564,10,1.3000000000000003
NNDAD-B,1,1,1000,0.1,0.13777470588684082,0.10032534599304199,0.9892666666666666,0.7914722513843174,1,1.5000000000000002
NNDAD-B,1,1,1000,0.1,0.020813465118408203,0.07199454307556152,0.986588888888889,0.7610715637880351,5,1.5000000000000002
NNDAD-B,1,1,1000,0.1,0.020398616790771484,0.06027030944824219,0.9907666666666667,0.7724534450509691,10,1.5000000000000002
NNDAD-B,1,1,1000,0.1,0.15068387985229492,0.09543776512145996,0.9886666666666667,0.7843589398204069,1,1.7000000000000002
NNDAD-B,1,1,1000,0.1,0.025083303451538086,0.0718996524810791,0.9870111111111111,0.7645103276923974,5,1.7000000000000002
NNDAD-B,1,1,1000,0.1,0.01951456069946289,0.06051754951477051,0.989488888888889,0.7855843371059774,10,1.7000000000000002
NNDAD-B,1,1,1000,0.1,0.13567590713500977,0.10193943977355957,0.9881333333333334,0.7784584559926423,1,1.9000000000000001
NNDAD-B,1,1,1000,0.1,0.020832061767578125,0.07170486450195312,0.9867333333333334,0.7717189783439304,5,1.9000000000000001
NNDAD-B,1,1,1000,0.1,0.020323753356933594,0.06036090850830078,0.9876111111111111,0.7974040418955538,10,1.9000000000000001
NNDAD-B,1,1,5000,0.1,2.4074599742889404,2.3201375007629395,0.9980417777777778,0.9540958166583666,1,0.1
NNDAD-B,1,1,5000,0.1,0.10985016822814941,2.5232510566711426,0.9980604444444444,0.935782477185947,5,0.1
NNDAD-B,1,1,5000,0.1,0.050676822662353516,2.779175043106079,0.9972991111111111,0.9211266592782476,10,0.1
NNDAD-B,1,1,5000,0.1,2.381700038909912,2.3228273391723633,0.9979502222222222,0.9320355266772754,1,0.30000000000000004
NNDAD-B,1,1,5000,0.1,0.11222624778747559,2.5200657844543457,0.9965497777777778,0.9052329470719546,5,0.30000000000000004
NNDAD-B,1,1,5000,0.1,0.046639204025268555,2.762887477874756,0.9952599999999999,0.8857900061150582,10,0.30000000000000004
NNDAD-B,1,1,5000,0.1,2.4933440685272217,2.315730094909668,0.99734,0.9222237497289678,1,0.5
NNDAD-B,1,1,5000,0.1,0.11231207847595215,2.522627830505371,0.9953533333333333,0.8862252884605002,5,0.5
NNDAD-B,1,1,5000,0.1,0.0445556640625,2.7618656158447266,0.9934737777777778,0.8633114699102273,10,0.5
NNDAD-B,1,1,5000,0.1,2.3354015350341797,2.3110034465789795,0.9967182222222223,0.9143672476059037,1,0.7000000000000001
NNDAD-B,1,1,5000,0.1,0.1268630027770996,2.511873960494995,0.9942293333333334,0.8708573133679256,5,0.7000000000000001
NNDAD-B,1,1,5000,0.1,0.04763913154602051,2.7648184299468994,0.9919968888888889,0.8457637545029737,10,0.7000000000000001
NNDAD-B,1,1,5000,0.1,2.5347471237182617,2.327775478363037,0.9960573333333334,0.9071026410574415,1,0.9
NNDAD-B,1,1,5000,0.1,0.11654186248779297,2.5233476161956787,0.9931599999999999,0.857197810106869,5,0.9
NNDAD-B,1,1,5000,0.1,0.04229235649108887,2.7688510417938232,0.9908524444444444,0.8311602113334231,10,0.9
NNDAD-B,1,1,5000,0.1,2.5088438987731934,2.3515872955322266,0.9954604444444444,0.9001413013015671,1,1.1
NNDAD-B,1,1,5000,0.1,0.11455631256103516,2.5259480476379395,0.9922857777777778,0.8451056675126963,5,1.1
NNDAD-B,1,1,5000,0.1,0.044734954833984375,2.7713236808776855,0.98992,0.8191529883356022,10,1.1
NNDAD-B,1,1,5000,0.1,2.455354690551758,2.319592237472534,0.9948066666666666,0.8934730057610226,1,1.3000000000000003
NNDAD-B,1,1,5000,0.1,0.11091089248657227,2.503089189529419,0.9915928888888889,0.8346332730277916,5,1.3000000000000003
NNDAD-B,1,1,5000,0.1,0.04173421859741211,2.750843048095703,0.9892395555555555,0.8099608218182335,10,1.3000000000000003
NNDAD-B,1,1,5000,0.1,2.4805374145507812,2.3217430114746094,0.9941631111111111,0.8869108780201034,1,1.5000000000000002
NNDAD-B,1,1,5000,0.1,0.11466264724731445,2.5096797943115234,0.991028,0.8256320910311608,5,1.5000000000000002
NNDAD-B,1,1,5000,0.1,0.048874855041503906,2.7620351314544678,0.9887808888888889,0.8027939491059637,10,1.5000000000000002
NNDAD-B,1,1,5000,0.1,2.3462910652160645,2.31959867477417,0.9935093333333332,0.8805551373387493,1,1.7000000000000002
NNDAD-B,1,1,5000,0.1,0.15961170196533203,2.5083959102630615,0.9905724444444445,0.8181059646331745,5,1.7000000000000002
NNDAD-B,1,1,5000,0.1,0.04674363136291504,2.757600784301758,0.9884466666666667,0.7960016623794882,10,1.7000000000000002
NNDAD-B,1,1,5000,0.1,2.4024055004119873,2.3133749961853027,0.9928857777777778,0.8744431961695519,1,1.9000000000000001
NNDAD-B,1,1,5000,0.1,0.15446949005126953,2.5160510540008545,0.9902017777777777,0.8118874999483601,5,1.9000000000000001
NNDAD-B,1,1,5000,0.1,0.05028653144836426,2.7586638927459717,0.9882288888888889,0.7896297978716954,10,1.9000000000000001
NNDAD-B,1,5,1000,0.1,0.11289000511169434,0.09200024604797363,0.5,inf,1,0.1
NNDAD-B,1,5,1000,0.1,0.019580602645874023,0.09619545936584473,0.8011111111111111,4853.013128842021,5,0.1
NNDAD-B,1,5,1000,0.1,0.02142500877380371,0.08304262161254883,0.8585222222222223,43.897778228931976,10,0.1
NNDAD-B,1,5,1000,0.1,0.11916947364807129,0.11470389366149902,0.9481333333333334,61.08787121053656,1,0.30000000000000004
NNDAD-B,1,5,1000,0.1,0.021517276763916016,0.0959169864654541,0.8670555555555555,29.630830598166778,5,0.30000000000000004
NNDAD-B,1,5,1000,0.1,0.023747920989990234,0.08314824104309082,0.867688888888889,24.628385677568417,10,0.30000000000000004
NNDAD-B,1,5,1000,0.1,0.11538887023925781,0.11521196365356445,0.9480555555555555,23.80943754285871,1,0.5
NNDAD-B,1,5,1000,0.1,0.023406028747558594,0.09619975090026855,0.8674111111111111,20.737972837315837,5,0.5
NNDAD-B,1,5,1000,0.1,0.023302316665649414,0.08469748497009277,0.8348444444444445,21.19863672750495,10,0.5
NNDAD-B,1,5,1000,0.1,0.11814236640930176,0.11670637130737305,0.9351222222222222,20.766850042469862,1,0.7000000000000001
NNDAD-B,1,5,1000,0.1,0.025353431701660156,0.09619879722595215,0.8405999999999999,21.069430502220666,5,0.7000000000000001
NNDAD-B,1,5,1000,0.1,0.021392107009887695,0.08274650573730469,0.7927222222222222,21.658866115267212,10,0.7000000000000001
NNDAD-B,1,5,1000,0.1,0.11860537528991699,0.11722588539123535,0.9174,20.46861127909924,1,0.9
NNDAD-B,1,5,1000,0.1,0.02059149742126465,0.0960543155670166,0.8111555555555555,21.700464542654103,5,0.9
NNDAD-B,1,5,1000,0.1,0.02368307113647461,0.08280444145202637,0.7623777777777778,22.218304974478816,10,0.9
NNDAD-B,1,5,1000,0.1,0.13332486152648926,0.11234617233276367,0.8979666666666667,20.698170716132008,1,1.1
NNDAD-B,1,5,1000,0.1,0.019201040267944336,0.09610414505004883,0.7850666666666667,22.179746826834883,5,1.1
NNDAD-B,1,5,1000,0.1,0.020792484283447266,0.08317685127258301,0.7432333333333333,22.59892127740359,10,1.1
NNDAD-B,1,5,1000,0.1,0.11817717552185059,0.11480498313903809,0.8771222222222222,21.04490775548823,1,1.3000000000000003
NNDAD-B,1,5,1000,0.1,0.022682666778564453,0.0962514877319336,0.7664111111111112,22.513660559245814,5,1.3000000000000003
NNDAD-B,1,5,1000,0.1,0.020785093307495117,0.08323860168457031,0.7304999999999999,22.852034072242187,10,1.3000000000000003
NNDAD-B,1,5,1000,0.1,0.1465146541595459,0.10615944862365723,0.8570333333333333,21.39169310840099,1,1.5000000000000002
NNDAD-B,1,5,1000,0.1,0.018695831298828125,0.09635686874389648,0.7516333333333334,22.747852881065732,5,1.5000000000000002
NNDAD-B,1,5,1000,0.1,0.022225379943847656,0.08310866355895996,0.7240444444444444,23.02929126444531,10,1.5000000000000002
NNDAD-B,1,5,1000,0.1,0.14497971534729004,0.10718846321105957,0.8379888888888889,21.69792977315224,1,1.7000000000000002
NNDAD-B,1,5,1000,0.1,0.016269445419311523,0.0961008071899414,0.7418222222222222,22.917969620793027,5,1.7000000000000002
NNDAD-B,1,5,1000,0.1,0.0169830322265625,0.0830531120300293,0.7196888888888889,23.160780634881277,10,1.7000000000000002
NNDAD-B,1,5,1000,0.1,0.1468656063079834,0.10577154159545898,0.8209000000000001,21.954961569326173,1,1.9000000000000001
NNDAD-B,1,5,1000,0.1,0.02250981330871582,0.09621524810791016,0.7350444444444445,23.048095112662562,5,1.9000000000000001
NNDAD-B,1,5,1000,0.1,0.0195310115814209,0.08297252655029297,0.7169111111111112,23.262734716124235,10,1.9000000000000001
NNDAD-B,1,5,5000,0.1,2.895843267440796,2.6729018688201904,0.9214519999999998,111844.21667861466,1,0.1
NNDAD-B,1,5,5000,0.1,0.11997103691101074,2.718818187713623,0.8427411111111112,inf,5,0.1
NNDAD-B,1,5,5000,0.1,0.043891191482543945,3.021066665649414,0.9198346666666666,64.00452485223374,10,0.1
NNDAD-B,1,5,5000,0.1,2.891115427017212,2.6881368160247803,0.9721577777777778,34.49350139075836,1,0.30000000000000004
NNDAD-B,1,5,5000,0.1,0.12032723426818848,2.7445590496063232,0.9557133333333334,25.964396028632656,5,0.30000000000000004
NNDAD-B,1,5,5000,0.1,0.04607391357421875,3.0187034606933594,0.9556075555555555,23.53842866714254,10,0.30000000000000004
NNDAD-B,1,5,5000,0.1,2.8587026596069336,2.6923296451568604,0.9706808888888889,24.51945480688149,1,0.5
NNDAD-B,1,5,5000,0.1,0.13537120819091797,2.756237030029297,0.9555888888888888,22.27061132260048,5,0.5
NNDAD-B,1,5,5000,0.1,0.05064845085144043,3.030158281326294,0.9474453333333334,22.035047627066554,10,0.5
NNDAD-B,1,5,5000,0.1,2.9034667015075684,2.6874778270721436,0.9679426666666668,22.713308925636778,1,0.7000000000000001
NNDAD-B,1,5,5000,0.1,0.13308453559875488,2.747018814086914,0.9469755555555556,22.084548938112704,5,0.7000000000000001
NNDAD-B,1,5,5000,0.1,0.054171085357666016,3.0184731483459473,0.9278817777777777,22.429845521105495,10,0.7000000000000001
NNDAD-B,1,5,5000,0.1,2.853599786758423,2.692293167114258,0.9649564444444444,22.1551004081753,1,0.9
NNDAD-B,1,5,5000,0.1,0.12498331069946289,2.7487633228302,0.9337977777777778,22.388101810985926,5,0.9
NNDAD-B,1,5,5000,0.1,0.052696943283081055,3.0199472904205322,0.9019488888888889,22.94047016722987,10,0.9
NNDAD-B,1,5,5000,0.1,2.873478889465332,2.6947717666625977,0.9615084444444444,22.002829356923307,1,1.1
NNDAD-B,1,5,5000,0.1,0.13368940353393555,2.740765333175659,0.9168008888888889,22.76339839356039,5,1.1
NNDAD-B,1,5,5000,0.1,0.09531259536743164,3.0254130363464355,0.8732395555555557,23.370600817182446,10,1.1
NNDAD-B,1,5,5000,0.1,2.8925769329071045,2.6886863708496094,0.9573026666666666,22.025558399446677,1,1.3000000000000003
NNDAD-B,1,5,5000,0.1,0.13506197929382324,2.749082565307617,0.8973208888888888,23.109432213604926,5,1.3000000000000003
NNDAD-B,1,5,5000,0.1,0.05114150047302246,3.0261969566345215,0.8455737777777778,23.700261725930805,10,1.3000000000000003
NNDAD-B,1,5,5000,0.1,2.853238821029663,2.6674249172210693,0.9523382222222223,22.131586288799973,1,1.5000000000000002
NNDAD-B,1,5,5000,0.1,0.1264352798461914,2.7359769344329834,0.8768328888888889,23.401982450905447,5,1.5000000000000002
NNDAD-B,1,5,5000,0.1,0.052443504333496094,3.0114288330078125,0.8213035555555557,23.949888296788636,10,1.5000000000000002
NNDAD-B,1,5,5000,0.1,2.7127087116241455,2.6764326095581055,0.9465186666666667,22.27738596778584,1,1.7000000000000002
NNDAD-B,1,5,5000,0.1,0.1232755184173584,2.725510835647583,0.8565586666666667,23.642607336139626,5,1.7000000000000002
NNDAD-B,1,5,5000,0.1,0.04723858833312988,2.9994335174560547,0.801243111111111,24.14226432493457,10,1.7000000000000002
NNDAD-B,1,5,5000,0.1,2.8783910274505615,2.666240930557251,0.939788,22.440752472816396,1,1.9000000000000001
NNDAD-B,1,5,5000,0.1,0.1257321834564209,2.6026432514190674,0.8376524444444444,23.839608028404943,5,1.9000000000000001
NNDAD-B,1,5,5000,0.1,0.04946637153625488,2.794572114944458,0.7852435555555556,24.293594653709697,10,1.9000000000000001
NNDAD-B,2,1,1000,0.1,0.10923051834106445,0.09139800071716309,0.9955777777777778,1.0099485375924229,1,0.1
NNDAD-B,2,1,1000,0.1,0.020882606506347656,0.07152795791625977,0.9958777777777778,1.0286020102263713,5,0.1
NNDAD-B,2,1,1000,0.1,0.019411325454711914,0.06093740463256836,0.9952555555555556,1.0102545145809534,10,0.1
NNDAD-B,2,1,1000,0.1,0.1353447437286377,0.10096573829650879,0.9965333333333334,0.9424986219290357,1,0.30000000000000004
NNDAD-B,2,1,1000,0.1,0.021063566207885742,0.0715017318725586,0.9965222222222222,0.9519142526921252,5,0.30000000000000004
NNDAD-B,2,1,1000,0.1,0.020042896270751953,0.0610194206237793,0.9926888888888888,0.9337847837423305,10,0.30000000000000004
NNDAD-B,2,1,1000,0.1,0.13503599166870117,0.10120224952697754,0.9953666666666667,0.9170515072658367,1,0.5
NNDAD-B,2,1,1000,0.1,0.016606807708740234,0.07160806655883789,0.9949444444444445,0.8988928629660438,5,0.5
NNDAD-B,2,1,1000,0.1,0.022536516189575195,0.060819387435913086,0.9902,0.872167598750104,10,0.5
NNDAD-B,2,1,1000,0.1,0.10713005065917969,0.10936546325683594,0.9941444444444445,0.8971075593460153,1,0.7000000000000001
NNDAD-B,2,1,1000,0.1,0.015707731246948242,0.07172822952270508,0.9936777777777778,0.856592639448811,5,0.7000000000000001
NNDAD-B,2,1,1000,0.1,0.01944446563720703,0.060608863830566406,0.9888111111111111,0.8359492504101815,10,0.7000000000000001
NNDAD-B,2,1,1000,0.1,0.13398528099060059,0.09090042114257812,0.9930222222222223,0.8796069544896472,1,0.9
NNDAD-B,2,1,1000,0.1,0.0207672119140625,0.07158875465393066,0.9930333333333333,0.8314787314350962,5,0.9
NNDAD-B,2,1,1000,0.1,0.020123720169067383,0.06083846092224121,0.9884111111111111,0.800861039020538,10,0.9
NNDAD-B,2,1,1000,0.1,0.10561800003051758,0.10955572128295898,0.9920444444444445,0.8637538638219114,1,1.1
NNDAD-B,2,1,1000,0.1,0.02079176902770996,0.0714104175567627,0.9925666666666666,0.814455288918328,5,1.1
NNDAD-B,2,1,1000,0.1,0.016672134399414062,0.06088972091674805,0.9880333333333333,0.7751606700612472,10,1.1
NNDAD-B,2,1,1000,0.1,0.10534524917602539,0.10958623886108398,0.9911666666666666,0.8494970623436768,1,1.3000000000000003
NNDAD-B,2,1,1000,0.1,0.01659679412841797,0.0715787410736084,0.9924111111111111,0.7931385822219679,5,1.3000000000000003
NNDAD-B,2,1,1000,0.1,0.02094411849975586,0.06097698211669922,0.9874999999999999,0.7754219288893649,10,1.3000000000000003
NNDAD-B,2,1,1000,0.1,0.13500642776489258,0.10153770446777344,0.9904777777777778,0.8370604606866536,1,1.5000000000000002
NNDAD-B,2,1,1000,0.1,0.022905588150024414,0.07146716117858887,0.9919222222222221,0.7739635100464914,5,1.5000000000000002
NNDAD-B,2,1,1000,0.1,0.01778435707092285,0.06079673767089844,0.9865222222222223,0.7871253419154252,10,1.5000000000000002
NNDAD-B,2,1,1000,0.1,0.1455841064453125,0.09715056419372559,0.9899444444444445,0.8265287084108045,1,1.7000000000000002
NNDAD-B,2,1,1000,0.1,0.020678997039794922,0.07172346115112305,0.9914222222222222,0.7687703095087348,5,1.7000000000000002
NNDAD-B,2,1,1000,0.1,0.021048545837402344,0.060717105865478516,0.9851666666666667,0.8008630185904171,10,1.7000000000000002
NNDAD-B,2,1,1000,0.1,0.13563847541809082,0.10082030296325684,0.9895,0.8181512314082144,1,1.9000000000000001
NNDAD-B,2,1,1000,0.1,0.023613452911376953,0.07207059860229492,0.9904777777777778,0.7762554326087138,5,1.9000000000000001
NNDAD-B,2,1,1000,0.1,0.021845579147338867,0.06073141098022461,0.9836111111111111,0.8138786734972722,10,1.9000000000000001
NNDAD-B,2,1,5000,0.1,2.4149351119995117,2.4689059257507324,0.9996448888888889,0.9365215320328983,1,0.1
NNDAD-B,2,1,5000,0.1,0.14558720588684082,2.5252554416656494,0.9994404444444445,0.9334923710669473,5,0.1
NNDAD-B,2,1,5000,0.1,0.04669070243835449,2.7764196395874023,0.9996795555555555,0.8976619212468873,10,0.1
NNDAD-B,2,1,5000,0.1,2.3416264057159424,2.3202240467071533,0.9998533333333333,0.9133606076660271,1,0.30000000000000004
NNDAD-B,2,1,5000,0.1,0.11139464378356934,2.5237247943878174,0.9993306666666666,0.8976935917053593,5,0.30000000000000004
NNDAD-B,2,1,5000,0.1,0.04474186897277832,2.780789613723755,0.9993088888888889,0.8676543391162478,10,0.30000000000000004
NNDAD-B,2,1,5000,0.1,2.4734432697296143,2.327791929244995,0.9996168888888889,0.9005943825875926,1,0.5
NNDAD-B,2,1,5000,0.1,0.11418843269348145,2.5082473754882812,0.9985813333333333,0.8774320582267724,5,0.5
NNDAD-B,2,1,5000,0.1,0.046859025955200195,2.762213706970215,0.9983226666666666,0.8492409229825242,10,0.5
NNDAD-B,2,1,5000,0.1,2.5084996223449707,2.3248634338378906,0.999319111111111,0.8907499977075861,1,0.7000000000000001
NNDAD-B,2,1,5000,0.1,0.11670899391174316,2.5109739303588867,0.9977888888888888,0.861459340001581,5,0.7000000000000001
NNDAD-B,2,1,5000,0.1,0.04525446891784668,2.772202968597412,0.9973960000000001,0.8341878815275162,10,0.7000000000000001
NNDAD-B,2,1,5000,0.1,2.477304220199585,2.3178937435150146,0.9988991111111112,0.8828917937370722,1,0.9
NNDAD-B,2,1,5000,0.1,0.11431741714477539,2.5108771324157715,0.9970684444444444,0.8483167318367378,5,0.9
NNDAD-B,2,1,5000,0.1,0.04071760177612305,2.7860727310180664,0.9965888888888889,0.8212269987743005,10,0.9
NNDAD-B,2,1,5000,0.1,2.4737837314605713,2.3220698833465576,0.9985271111111111,0.87597755869243,1,1.1
NNDAD-B,2,1,5000,0.1,0.16079235076904297,2.504014492034912,0.9964417777777778,0.8368121580705078,5,1.1
NNDAD-B,2,1,5000,0.1,0.04474377632141113,2.7477869987487793,0.9958982222222222,0.8101166352662403,10,1.1
NNDAD-B,2,1,5000,0.1,2.347003221511841,2.3044283390045166,0.998132888888889,0.8696124325112536,1,1.3000000000000003
NNDAD-B,2,1,5000,0.1,0.11098003387451172,2.513179302215576,0.9959022222222221,0.8264996718416135,5,1.3000000000000003
NNDAD-B,2,1,5000,0.1,0.04374265670776367,2.780106782913208,0.9953928888888889,0.801223636831808,10,1.3000000000000003
NNDAD-B,2,1,5000,0.1,2.4792885780334473,2.336470365524292,0.9977737777777778,0.8637095242459183,1,1.5000000000000002
NNDAD-B,2,1,5000,0.1,0.12181854248046875,2.5173683166503906,0.9954408888888888,0.8174471413110012,5,1.5000000000000002
NNDAD-B,2,1,5000,0.1,0.04649496078491211,2.7743337154388428,0.995012888888889,0.7940740301692113,10,1.5000000000000002
NNDAD-B,2,1,5000,0.1,2.490872859954834,2.3557801246643066,0.997431111111111,0.8581644627873796,1,1.7000000000000002
NNDAD-B,2,1,5000,0.1,0.11186528205871582,2.546222448348999,0.9950795555555555,0.8098543068232599,5,1.7000000000000002
NNDAD-B,2,1,5000,0.1,0.05714702606201172,2.7856218814849854,0.9947551111111111,0.7869944312197555,10,1.7000000000000002
NNDAD-B,2,1,5000,0.1,2.4599852561950684,2.363273859024048,0.99712,0.852892658157103,1,1.9000000000000001
NNDAD-B,2,1,5000,0.1,0.11201596260070801,2.533843517303467,0.9947897777777779,0.8037540458610227,5,1.9000000000000001
NNDAD-B,2,1,5000,0.1,0.042738914489746094,2.7860164642333984,0.9945728888888888,0.7803260441850274,10,1.9000000000000001
NNDAD-B,2,5,1000,0.1,0.10944652557373047,0.10451412200927734,0.5,inf,1,0.1
NNDAD-B,2,5,1000,0.1,0.02060246467590332,0.08308625221252441,0.7731888888888889,756.2970346458812,5,0.1
NNDAD-B,2,5,1000,0.1,0.01632976531982422,0.06757235527038574,0.8565222222222223,43.90006072369953,10,0.1
NNDAD-B,2,5,1000,0.1,0.11543583869934082,0.10414743423461914,0.9450555555555555,75.38828619731838,1,0.30000000000000004
NNDAD-B,2,5,1000,0.1,0.019228696823120117,0.08010292053222656,0.8558444444444444,32.02879114510108,5,0.30000000000000004
NNDAD-B,2,5,1000,0.1,0.015188217163085938,0.06892681121826172,0.8617444444444444,25.372805745251775,10,0.30000000000000004
NNDAD-B,2,5,1000,0.1,0.1445298194885254,0.1019430160522461,0.931988888888889,26.95579745110047,1,0.5
NNDAD-B,2,5,1000,0.1,0.0200192928314209,0.08285856246948242,0.8499111111111112,22.35573699764931,5,0.5
NNDAD-B,2,5,1000,0.1,0.01532602310180664,0.06925177574157715,0.8156333333333333,22.331964979450547,10,0.5
NNDAD-B,2,5,1000,0.1,0.11515092849731445,0.10676908493041992,0.9118444444444445,22.66635744050197,1,0.7000000000000001
NNDAD-B,2,5,1000,0.1,0.02027440071105957,0.07574248313903809,0.8067444444444444,22.64958631241463,5,0.7000000000000001
NNDAD-B,2,5,1000,0.1,0.014182567596435547,0.06558513641357422,0.7634666666666667,23.079535408872484,10,0.7000000000000001
NNDAD-B,2,5,1000,0.1,0.11831092834472656,0.10094070434570312,0.8890222222222223,22.02838999624852,1,0.9
NNDAD-B,2,5,1000,0.1,0.01785421371459961,0.078704833984375,0.7651,23.222945504653673,5,0.9
NNDAD-B,2,5,1000,0.1,0.015163421630859375,0.06969428062438965,0.7233888888888889,23.663400766251282,10,0.9
NNDAD-B,2,5,1000,0.1,0.14774847030639648,0.09638285636901855,0.8663000000000001,22.171895360520033,1,1.1
NNDAD-B,2,5,1000,0.1,0.020023822784423828,0.09615969657897949,0.7329,23.64394920043637,5,1.1
NNDAD-B,2,5,1000,0.1,0.016100645065307617,0.08283019065856934,0.6987888888888889,24.026399969633264,10,1.1
NNDAD-B,2,5,1000,0.1,0.11975455284118652,0.10223865509033203,0.8415777777777778,22.500234381299617,1,1.3000000000000003
NNDAD-B,2,5,1000,0.1,0.019711732864379883,0.096343994140625,0.7099222222222221,23.934258779301707,5,1.3000000000000003
NNDAD-B,2,5,1000,0.1,0.015121698379516602,0.08289170265197754,0.6839333333333333,24.26490375340157,10,1.3000000000000003
NNDAD-B,2,5,1000,0.1,0.12127232551574707,0.10483789443969727,0.8183666666666666,22.835277549841408,1,1.5000000000000002
NNDAD-B,2,5,1000,0.1,0.019655227661132812,0.09624481201171875,0.6937555555555555,24.14229575859512,5,1.5000000000000002
NNDAD-B,2,5,1000,0.1,0.012575149536132812,0.08290481567382812,0.6738666666666666,24.430823458357633,10,1.5000000000000002
NNDAD-B,2,5,1000,0.1,0.11714839935302734,0.1020956039428711,0.7972444444444443,23.127952438916505,1,1.7000000000000002
NNDAD-B,2,5,1000,0.1,0.020078420639038086,0.09619903564453125,0.6829333333333334,24.29656918986504,5,1.7000000000000002
NNDAD-B,2,5,1000,0.1,0.014242410659790039,0.08284854888916016,0.6671777777777778,24.554168604279294,10,1.7000000000000002
NNDAD-B,2,5,1000,0.1,0.12567996978759766,0.101959228515625,0.778811111111111,23.371882495482872,1,1.9000000000000001
NNDAD-B,2,5,1000,0.1,0.019379854202270508,0.09628796577453613,0.6749222222222223,24.41628043846621,5,1.9000000000000001
NNDAD-B,2,5,1000,0.1,0.014972925186157227,0.08290886878967285,0.6631333333333334,24.65005697444436,10,1.9000000000000001
NNDAD-B,2,5,5000,0.1,2.8798987865448,2.6989777088165283,0.9213137777777778,112616.82593598856,1,0.1
NNDAD-B,2,5,5000,0.1,0.12070798873901367,2.759075403213501,0.8406253333333333,inf,5,0.1
NNDAD-B,2,5,5000,0.1,0.050154924392700195,3.035531520843506,0.9205831111111112,55.63145320814822,10,0.1
NNDAD-B,2,5,5000,0.1,2.8676979541778564,2.6813642978668213,0.97524,32.355991042484874,1,0.30000000000000004
NNDAD-B,2,5,5000,0.1,0.12418437004089355,2.7542355060577393,0.9585177777777777,24.18561112118733,5,0.30000000000000004
NNDAD-B,2,5,5000,0.1,0.05582714080810547,3.011234760284424,0.9579053333333334,22.544490104070817,10,0.30000000000000004
NNDAD-B,2,5,5000,0.1,2.823040246963501,2.6787803173065186,0.9739435555555555,23.3387444865393,1,0.5
NNDAD-B,2,5,5000,0.1,0.1253952980041504,2.728130340576172,0.959867111111111,21.337430153982712,5,0.5
NNDAD-B,2,5,5000,0.1,0.04819083213806152,3.0090560913085938,0.9499324444444445,21.305853493458674,10,0.5
NNDAD-B,2,5,5000,0.1,2.874331474304199,2.6484017372131348,0.9713751111111112,21.815154662913375,1,0.7000000000000001
NNDAD-B,2,5,5000,0.1,0.1616978645324707,2.7296974658966064,0.9518382222222223,21.341438695068717,5,0.7000000000000001
NNDAD-B,2,5,5000,0.1,0.04835009574890137,3.013784170150757,0.9284048888888888,21.727044195000857,10,0.7000000000000001
NNDAD-B,2,5,5000,0.1,2.8397371768951416,2.6675350666046143,0.9682804444444445,21.374579543887467,1,0.9
NNDAD-B,2,5,5000,0.1,0.1363511085510254,2.727353811264038,0.9380364444444445,21.681709186237384,5,0.9
NNDAD-B,2,5,5000,0.1,0.0512542724609375,3.014742612838745,0.8973559999999999,22.229295881031376,10,0.9
NNDAD-B,2,5,5000,0.1,2.883007287979126,2.6666312217712402,0.9644875555555557,21.27586898702421,1,1.1
NNDAD-B,2,5,5000,0.1,0.12538957595825195,2.7240242958068848,0.919292,22.05879965106245,5,1.1
NNDAD-B,2,5,5000,0.1,0.052567243576049805,3.0133767127990723,0.8631942222222223,22.649271859726692,10,1.1
NNDAD-B,2,5,5000,0.1,2.8645896911621094,2.666482925415039,0.9599008888888889,21.321721047590522,1,1.3000000000000003
NNDAD-B,2,5,5000,0.1,0.1240990161895752,2.728379726409912,0.8970426666666665,22.40253558203226,5,1.3000000000000003
NNDAD-B,2,5,5000,0.1,0.05591249465942383,3.0082223415374756,0.8321191111111111,22.973874103319982,10,1.3000000000000003
NNDAD-B,2,5,5000,0.1,2.7468087673187256,2.6519062519073486,0.9542742222222222,21.4358132133873,1,1.5000000000000002
NNDAD-B,2,5,5000,0.1,0.12644433975219727,2.7242398262023926,0.8738315555555555,22.693334365549916,5,1.5000000000000002
NNDAD-B,2,5,5000,0.1,0.052726030349731445,3.005749464035034,0.8065675555555556,23.221379354356333,10,1.5000000000000002
NNDAD-B,2,5,5000,0.1,2.874783754348755,2.655663251876831,0.9477226666666666,21.58220366323198,1,1.7000000000000002
NNDAD-B,2,5,5000,0.1,0.12553668022155762,2.724977731704712,0.8516097777777778,22.932549772709788,5,1.7000000000000002
NNDAD-B,2,5,5000,0.1,0.05145406723022461,3.007769823074341,0.7862057777777778,23.411934971526946,10,1.7000000000000002
NNDAD-B,2,5,5000,0.1,2.8592350482940674,2.6669459342956543,0.9401075555555556,21.742130150370542,1,1.9000000000000001
NNDAD-B,2,5,5000,0.1,0.12293553352355957,2.714341163635254,0.8311906666666666,23.128123672111816,5,1.9000000000000001
NNDAD-B,2,5,5000,0.1,0.046617984771728516,3.0032715797424316,0.7701115555555555,23.561631498761606,10,1.9000000000000001
NNDAD-B,3,1,1000,0.1,0.10696125030517578,0.09114694595336914,0.9976777777777778,0.9778792602944137,1,0.1
NNDAD-B,3,1,1000,0.1,0.01925206184387207,0.07269001007080078,0.9995555555555555,1.0021003655133736,5,0.1
NNDAD-B,3,1,1000,0.1,0.02555561065673828,0.06073737144470215,0.9980111111111111,0.9983494100610817,10,0.1
NNDAD-B,3,1,1000,0.1,0.1056675910949707,0.10972881317138672,0.9995888888888889,0.9155688622515756,1,0.30000000000000004
NNDAD-B,3,1,1000,0.1,0.02138996124267578,0.07335591316223145,0.9991222222222222,0.9054507438991107,5,0.30000000000000004
NNDAD-B,3,1,1000,0.1,0.021458148956298828,0.04863452911376953,0.9968777777777778,0.8887614586717362,10,0.30000000000000004
NNDAD-B,3,1,1000,0.1,0.1069331169128418,0.09354853630065918,0.9994000000000001,0.8887113219855862,1,0.5
NNDAD-B,3,1,1000,0.1,0.0207822322845459,0.05506277084350586,0.9978777777777779,0.8616311067858461,5,0.5
NNDAD-B,3,1,1000,0.1,0.021717548370361328,0.04474973678588867,0.9964555555555555,0.8426704551656917,10,0.5
NNDAD-B,3,1,1000,0.1,0.1339130401611328,0.09182977676391602,0.9988111111111111,0.8702567309757014,1,0.7000000000000001
NNDAD-B,3,1,1000,0.1,0.01725459098815918,0.053985595703125,0.9973222222222222,0.8311665917888442,5,0.7000000000000001
NNDAD-B,3,1,1000,0.1,0.020715951919555664,0.04505753517150879,0.9966111111111111,0.8180054293573656,10,0.7000000000000001
NNDAD-B,3,1,1000,0.1,0.13437485694885254,0.0936894416809082,0.9982222222222222,0.8547670771077729,1,0.9
NNDAD-B,3,1,1000,0.1,0.018095016479492188,0.052753448486328125,0.9971444444444444,0.8124728607071371,5,0.9
NNDAD-B,3,1,1000,0.1,0.018503665924072266,0.04413127899169922,0.9966888888888888,0.8164161191421507,10,0.9
NNDAD-B,3,1,1000,0.1,0.10351252555847168,0.09384703636169434,0.9977111111111111,0.8407105539675758,1,1.1
NNDAD-B,3,1,1000,0.1,0.018378734588623047,0.06069016456604004,0.9973555555555556,0.7963457518558855,5,1.1
NNDAD-B,3,1,1000,0.1,0.020962238311767578,0.048018455505371094,0.9952,0.8253183788418367,10,1.1
NNDAD-B,3,1,1000,0.1,0.09794950485229492,0.08740901947021484,0.9973777777777778,0.8284780597061968,1,1.3000000000000003
NNDAD-B,3,1,1000,0.1,0.018560409545898438,0.05511879920959473,0.9977555555555556,0.7889851555223497,5,1.3000000000000003
NNDAD-B,3,1,1000,0.1,0.018867015838623047,0.04474353790283203,0.9914333333333333,0.8340039161750677,10,1.3000000000000003
NNDAD-B,3,1,1000,0.1,0.13535165786743164,0.0915381908416748,0.9971111111111112,0.8187861900329891,1,1.5000000000000002
NNDAD-B,3,1,1000,0.1,0.018912553787231445,0.05350923538208008,0.9976555555555555,0.7922962275270131,5,1.5000000000000002
NNDAD-B,3,1,1000,0.1,0.021259069442749023,0.04651165008544922,0.9851,0.8401940753761417,10,1.5000000000000002
NNDAD-B,3,1,1000,0.1,0.10613298416137695,0.0929102897644043,0.9969555555555556,0.8117324366041876,1,1.7000000000000002
NNDAD-B,3,1,1000,0.1,0.02046489715576172,0.058948516845703125,0.9971333333333333,0.8002671867282762,5,1.7000000000000002
NNDAD-B,3,1,1000,0.1,0.022457599639892578,0.04651975631713867,0.9778333333333333,0.8445502925319056,10,1.7000000000000002
NNDAD-B,3,1,1000,0.1,0.10621476173400879,0.09270882606506348,0.9969333333333333,0.8060946499775242,1,1.9000000000000001
NNDAD-B,3,1,1000,0.1,0.02088165283203125,0.05648493766784668,0.9956222222222222,0.8093647313859216,5,1.9000000000000001
NNDAD-B,3,1,1000,0.1,0.017717599868774414,0.04401874542236328,0.9706888888888889,0.8481804007342052,10,1.9000000000000001
NNDAD-B,3,1,5000,0.1,2.462212562561035,2.4690401554107666,0.9990808888888889,0.9163449980399055,1,0.1
NNDAD-B,3,1,5000,0.1,0.11592388153076172,2.50673770904541,0.9991875555555555,0.9013578952561587,5,0.1
NNDAD-B,3,1,5000,0.1,0.05053448677062988,2.7760608196258545,0.9993524444444444,0.8744084113287433,10,0.1
NNDAD-B,3,1,5000,0.1,2.5099234580993652,2.339334487915039,0.9993497777777778,0.8900607754433499,1,0.30000000000000004
NNDAD-B,3,1,5000,0.1,0.12455010414123535,2.509934902191162,0.9984782222222222,0.8698042051199119,5,0.30000000000000004
NNDAD-B,3,1,5000,0.1,0.04643106460571289,2.7722251415252686,0.9986168888888889,0.8448282287973071,10,0.30000000000000004
NNDAD-B,3,1,5000,0.1,2.4438247680664062,2.3352253437042236,0.9992146666666667,0.8787285665116544,1,0.5
NNDAD-B,3,1,5000,0.1,0.11405396461486816,2.4972403049468994,0.9977724444444445,0.8531314832613193,5,0.5
NNDAD-B,3,1,5000,0.1,0.04590749740600586,2.7814817428588867,0.9979168888888889,0.8258582922538663,10,0.5
NNDAD-B,3,1,5000,0.1,2.4804623126983643,2.3320870399475098,0.9989911111111112,0.8707409016907698,1,0.7000000000000001
NNDAD-B,3,1,5000,0.1,0.12653350830078125,2.5080111026763916,0.997108,0.8398639809589419,5,0.7000000000000001
NNDAD-B,3,1,5000,0.1,0.055789947509765625,2.472689151763916,0.9972599999999999,0.8103582165233157,10,0.7000000000000001
NNDAD-B,3,1,5000,0.1,2.506183385848999,2.309267520904541,0.9987257777777778,0.8637669088583961,1,0.9
NNDAD-B,3,1,5000,0.1,0.12790679931640625,2.515883207321167,0.9964644444444445,0.8282511259290767,5,0.9
NNDAD-B,3,1,5000,0.1,0.0571749210357666,2.759483575820923,0.9967488888888889,0.7976420950429797,10,0.9
NNDAD-B,3,1,5000,0.1,2.320028066635132,2.303520441055298,0.9984377777777779,0.8572712704274191,1,1.1
NNDAD-B,3,1,5000,0.1,0.11836385726928711,2.4938294887542725,0.9959253333333333,0.8177794970472266,5,1.1
NNDAD-B,3,1,5000,0.1,0.051259756088256836,2.7635908126831055,0.9964128888888889,0.7879310084259944,10,1.1
NNDAD-B,3,1,5000,0.1,2.508275032043457,2.301435947418213,0.9981573333333333,0.851192108257421,1,1.3000000000000003
NNDAD-B,3,1,5000,0.1,0.11582064628601074,2.497162342071533,0.9954946666666666,0.8085198002272017,5,1.3000000000000003
NNDAD-B,3,1,5000,0.1,0.04406476020812988,2.7550320625305176,0.9962506666666666,0.7810897273336596,10,1.3000000000000003
NNDAD-B,3,1,5000,0.1,2.4894018173217773,2.303065538406372,0.9978302222222222,0.8454444043671675,1,1.5000000000000002
NNDAD-B,3,1,5000,0.1,0.13750624656677246,2.489637851715088,0.9951417777777778,0.8006509807493584,5,1.5000000000000002
NNDAD-B,3,1,5000,0.1,0.06878113746643066,2.758270740509033,0.996188888888889,0.7760628003342918,10,1.5000000000000002
NNDAD-B,3,1,5000,0.1,2.333627939224243,2.300280809402466,0.997511111111111,0.839964061432442,1,1.7000000000000002
NNDAD-B,3,1,5000,0.1,0.12347221374511719,2.4972903728485107,0.9948968888888889,0.7943305110276578,5,1.7000000000000002
NNDAD-B,3,1,5000,0.1,0.04627227783203125,2.525047540664673,0.996188888888889,0.773119331888918,10,1.7000000000000002
NNDAD-B,3,1,5000,0.1,2.5905721187591553,2.3085052967071533,0.9972084444444445,0.8346933446692811,1,1.9000000000000001
NNDAD-B,3,1,5000,0.1,0.10670852661132812,2.4966869354248047,0.9947284444444444,0.7892781337273058,5,1.9000000000000001
NNDAD-B,3,1,5000,0.1,0.048923492431640625,2.7860026359558105,0.9962391111111111,0.7725757715191335,10,1.9000000000000001
NNDAD-B,3,5,1000,0.1,0.09839558601379395,0.10253000259399414,0.5,inf,1,0.1
NNDAD-B,3,5,1000,0.1,0.02130913734436035,0.09605908393859863,0.8086555555555555,4675.028938271522,5,0.1
NNDAD-B,3,5,1000,0.1,0.021295547485351562,0.08290863037109375,0.8632888888888889,54.73904147835622,10,0.1
NNDAD-B,3,5,1000,0.1,0.11590814590454102,0.1165015697479248,0.9593333333333334,74.40461796724635,1,0.30000000000000004
NNDAD-B,3,5,1000,0.1,0.020736217498779297,0.0958712100982666,0.8795333333333334,36.882813424172845,5,0.30000000000000004
NNDAD-B,3,5,1000,0.1,0.02297663688659668,0.08296036720275879,0.8742777777777777,26.968867324738024,10,0.30000000000000004
NNDAD-B,3,5,1000,0.1,0.1154026985168457,0.11539673805236816,0.9547333333333333,28.40732209459796,1,0.5
NNDAD-B,3,5,1000,0.1,0.023192405700683594,0.09597086906433105,0.8687555555555555,24.257580713821902,5,0.5
NNDAD-B,3,5,1000,0.1,0.019415616989135742,0.08291292190551758,0.8497333333333333,23.76738181602874,10,0.5
NNDAD-B,3,5,1000,0.1,0.11697173118591309,0.11462736129760742,0.9425999999999999,24.042284834537092,1,0.7000000000000001
NNDAD-B,3,5,1000,0.1,0.020166397094726562,0.09587860107421875,0.8340555555555556,24.29403202912789,5,0.7000000000000001
NNDAD-B,3,5,1000,0.1,0.017866134643554688,0.08289384841918945,0.8090888888888887,24.78266767326146,10,0.7000000000000001
NNDAD-B,3,5,1000,0.1,0.14554834365844727,0.10612869262695312,0.9264111111111111,23.476645621522295,1,0.9
NNDAD-B,3,5,1000,0.1,0.011853933334350586,0.09573125839233398,0.7973333333333334,24.935596756025884,5,0.9
NNDAD-B,3,5,1000,0.1,0.014596939086914062,0.08478307723999023,0.7680111111111112,25.531319198858693,10,0.9
NNDAD-B,3,5,1000,0.1,0.12043237686157227,0.10463523864746094,0.9074,23.716464214089058,1,1.1
NNDAD-B,3,5,1000,0.1,0.012242794036865234,0.0741415023803711,0.7646111111111111,25.451948678456294,5,1.1
NNDAD-B,3,5,1000,0.1,0.01492452621459961,0.06550097465515137,0.7344444444444443,25.970258450083808,10,1.1
NNDAD-B,3,5,1000,0.1,0.14538240432739258,0.10391521453857422,0.8873222222222222,24.134541535577245,1,1.3000000000000003
NNDAD-B,3,5,1000,0.1,0.01131892204284668,0.07682681083679199,0.7388222222222223,25.81228963049736,5,1.3000000000000003
NNDAD-B,3,5,1000,0.1,0.015694856643676758,0.06369781494140625,0.7113888888888888,26.242645087922885,10,1.3000000000000003
NNDAD-B,3,5,1000,0.1,0.1443629264831543,0.10468244552612305,0.8645666666666666,24.54641715993175,1,1.5000000000000002
NNDAD-B,3,5,1000,0.1,0.016141653060913086,0.07632279396057129,0.7191666666666667,26.064960863307036,5,1.5000000000000002
NNDAD-B,3,5,1000,0.1,0.01489710807800293,0.06357121467590332,0.6949777777777778,26.42811834899527,10,1.5000000000000002
NNDAD-B,3,5,1000,0.1,0.14485478401184082,0.10463786125183105,0.8419333333333333,24.903481170292988,1,1.7000000000000002
NNDAD-B,3,5,1000,0.1,0.012100458145141602,0.07383298873901367,0.7052,26.248685359073328,5,1.7000000000000002
NNDAD-B,3,5,1000,0.1,0.01442098617553711,0.06300663948059082,0.6835888888888889,26.563613461518038,10,1.7000000000000002
NNDAD-B,3,5,1000,0.1,0.14411354064941406,0.10176897048950195,0.8205555555555555,25.19955839123529,1,1.9000000000000001
NNDAD-B,3,5,1000,0.1,0.012253999710083008,0.07464814186096191,0.6947333333333334,26.387679726246496,5,1.9000000000000001
NNDAD-B,3,5,1000,0.1,0.02122664451599121,0.06482315063476562,0.6762333333333332,26.66642918569365,10,1.9000000000000001
NNDAD-B,3,5,5000,0.1,2.708876609802246,2.8194143772125244,0.9372435555555555,117580.48069732194,1,0.1
NNDAD-B,3,5,5000,0.1,0.12500810623168945,2.7331650257110596,0.8501293333333333,inf,5,0.1
NNDAD-B,3,5,5000,0.1,0.0568082332611084,2.9883954524993896,0.926368,63.47966983232205,10,0.1
NNDAD-B,3,5,5000,0.1,2.6620395183563232,2.657940626144409,0.972523111111111,34.03086724578508,1,0.30000000000000004
NNDAD-B,3,5,5000,0.1,0.12355160713195801,2.715545892715454,0.9535093333333333,25.273126942362953,5,0.30000000000000004
NNDAD-B,3,5,5000,0.1,0.0481410026550293,3.0030510425567627,0.9527680000000002,23.280021606943215,10,0.30000000000000004
NNDAD-B,3,5,5000,0.1,2.8442606925964355,2.643488645553589,0.9685497777777778,24.111665164018063,1,0.5
NNDAD-B,3,5,5000,0.1,0.12354087829589844,2.726750135421753,0.9514555555555556,21.823275062444306,5,0.5
NNDAD-B,3,5,5000,0.1,0.05463743209838867,3.011634111404419,0.9418857777777777,21.63545590497603,10,0.5
NNDAD-B,3,5,5000,0.1,2.6761960983276367,2.663060426712036,0.964248,22.30359904637528,1,0.7000000000000001
NNDAD-B,3,5,5000,0.1,0.12484073638916016,2.711733341217041,0.9412075555555555,21.732024283598022,5,0.7000000000000001
NNDAD-B,3,5,5000,0.1,0.04984331130981445,2.9924557209014893,0.9211497777777777,22.041742380333442,10,0.7000000000000001
NNDAD-B,3,5,5000,0.1,2.7672042846679688,2.6315677165985107,0.9598204444444444,21.754307963929577,1,0.9
NNDAD-B,3,5,5000,0.1,0.13246703147888184,2.740490198135376,0.926192888888889,22.05329649095383,5,0.9
NNDAD-B,3,5,5000,0.1,0.055503129959106445,2.6801371574401855,0.8931604444444443,22.56711481472135,10,0.9
NNDAD-B,3,5,5000,0.1,2.7873964309692383,2.6959455013275146,0.9549088888888889,21.618449511114413,1,1.1
NNDAD-B,3,5,5000,0.1,0.1259162425994873,2.733930826187134,0.9069186666666667,22.420085693914377,5,1.1
NNDAD-B,3,5,5000,0.1,0.053374290466308594,3.002457618713379,0.8627146666666666,23.003414573313698,10,1.1
NNDAD-B,3,5,5000,0.1,2.8466286659240723,2.6625547409057617,0.9493706666666667,21.65572253686036,1,1.3000000000000003
NNDAD-B,3,5,5000,0.1,0.11582207679748535,2.705493450164795,0.8853964444444444,22.753341934242624,5,1.3000000000000003
NNDAD-B,3,5,5000,0.1,0.0494539737701416,2.9933295249938965,0.8337097777777778,23.34001776256316,10,1.3000000000000003
NNDAD-B,3,5,5000,0.1,2.870816230773926,2.6781058311462402,0.9434191111111111,21.772438166456407,1,1.5000000000000002
NNDAD-B,3,5,5000,0.1,0.14516353607177734,2.720262289047241,0.8630146666666667,23.03952911903296,5,1.5000000000000002
NNDAD-B,3,5,5000,0.1,0.047943115234375,2.6771512031555176,0.8084466666666666,23.59634873309381,10,1.5000000000000002
NNDAD-B,3,5,5000,0.1,2.9176063537597656,2.6683380603790283,0.9366622222222222,21.926287676429247,1,1.7000000000000002
NNDAD-B,3,5,5000,0.1,0.13523221015930176,2.610004425048828,0.841488,23.27889179355468,5,1.7000000000000002
NNDAD-B,3,5,5000,0.1,0.051842451095581055,2.7143125534057617,0.7872031111111112,23.79323588750686,10,1.7000000000000002
NNDAD-B,3,5,5000,0.1,2.684953212738037,2.824286699295044,0.9291377777777776,22.095094474350066,1,1.9000000000000001
NNDAD-B,3,5,5000,0.1,0.11951708793640137,2.7326900959014893,0.8217586666666667,23.477777201827372,5,1.9000000000000001
NNDAD-B,3,5,5000,0.1,0.049967288970947266,3.036898374557495,0.7703128888888889,23.947691148392778,10,1.9000000000000001
NNDAD-B,4,1,1000,0.1,0.09386038780212402,0.08751630783081055,0.9939888888888888,0.9028865733424986,1,0.1
NNDAD-B,4,1,1000,0.1,0.016315221786499023,0.07236361503601074,0.9937888888888888,0.8440765414030013,5,0.1
NNDAD-B,4,1,1000,0.1,0.0223696231842041,0.06035351753234863,0.9912444444444444,0.8366434445064469,10,0.1
NNDAD-B,4,1,1000,0.1,0.13328194618225098,0.10137581825256348,0.9941777777777777,0.8305799904425067,1,0.30000000000000004
NNDAD-B,4,1,1000,0.1,0.018668413162231445,0.07525157928466797,0.9933222222222222,0.7998088240792646,5,0.30000000000000004
NNDAD-B,4,1,1000,0.1,0.014841318130493164,0.060164690017700195,0.9898,0.7840434293518824,10,0.30000000000000004
NNDAD-B,4,1,1000,0.1,0.10357928276062012,0.10961437225341797,0.9937333333333334,0.807694168140837,1,0.5
NNDAD-B,4,1,1000,0.1,0.014430761337280273,0.0722959041595459,0.9926444444444444,0.7738228792164308,5,0.5
NNDAD-B,4,1,1000,0.1,0.01530766487121582,0.06021261215209961,0.9894777777777778,0.758985674656626,10,0.5
NNDAD-B,4,1,1000,0.1,0.13940739631652832,0.09942889213562012,0.9931444444444444,0.7941774135595544,1,0.7000000000000001
NNDAD-B,4,1,1000,0.1,0.01886272430419922,0.0721735954284668,0.9923888888888889,0.7545718997018387,5,0.7000000000000001
NNDAD-B,4,1,1000,0.1,0.016218185424804688,0.060358524322509766,0.9900666666666667,0.7447674343958424,10,0.7000000000000001
NNDAD-B,4,1,1000,0.1,0.13434362411499023,0.1015019416809082,0.9927555555555555,0.7832109047301703,1,0.9
NNDAD-B,4,1,1000,0.1,0.01775956153869629,0.07227087020874023,0.9924000000000001,0.7428528321591116,5,0.9
NNDAD-B,4,1,1000,0.1,0.01679539680480957,0.06049823760986328,0.9920333333333333,0.7407698137709897,10,0.9
NNDAD-B,4,1,1000,0.1,0.09737801551818848,0.11161208152770996,0.9922666666666666,0.7735127365330621,1,1.1
NNDAD-B,4,1,1000,0.1,0.03183794021606445,0.07359600067138672,0.9926666666666667,0.7350374365991005,5,1.1
NNDAD-B,4,1,1000,0.1,0.017856121063232422,0.04439520835876465,0.9936666666666667,0.748691464827037,10,1.1
NNDAD-B,4,1,1000,0.1,0.13301372528076172,0.1021723747253418,0.9919111111111112,0.7651011346711076,1,1.3000000000000003
NNDAD-B,4,1,1000,0.1,0.025572776794433594,0.0573422908782959,0.9938888888888889,0.7298599502641913,5,1.3000000000000003
NNDAD-B,4,1,1000,0.1,0.01653313636779785,0.06157851219177246,0.9948333333333333,0.7633423847182486,10,1.3000000000000003
NNDAD-B,4,1,1000,0.1,0.10816740989685059,0.1257493495941162,0.9915999999999999,0.7578257313061925,1,1.5000000000000002
NNDAD-B,4,1,1000,0.1,0.015429973602294922,0.07263445854187012,0.9951333333333333,0.73286671882506,5,1.5000000000000002
NNDAD-B,4,1,1000,0.1,0.01367640495300293,0.06057929992675781,0.9946999999999999,0.7780256915579221,10,1.5000000000000002
NNDAD-B,4,1,1000,0.1,0.10770583152770996,0.10890483856201172,0.991411111111111,0.7515523983699198,1,1.7000000000000002
NNDAD-B,4,1,1000,0.1,0.012862205505371094,0.07277274131774902,0.9963888888888889,0.7433028761284878,5,1.7000000000000002
NNDAD-B,4,1,1000,0.1,0.01257944107055664,0.06046795845031738,0.9933333333333334,0.7897594424569374,10,1.7000000000000002
NNDAD-B,4,1,1000,0.1,0.11841559410095215,0.09705591201782227,0.9912888888888889,0.7465783915866466,1,1.9000000000000001
NNDAD-B,4,1,1000,0.1,0.012282133102416992,0.05686140060424805,0.9968777777777778,0.7558113331127729,5,1.9000000000000001
NNDAD-B,4,1,1000,0.1,0.013927221298217773,0.04520678520202637,0.9912333333333334,0.7993982376336183,10,1.9000000000000001
NNDAD-B,4,1,5000,0.1,2.4195096492767334,2.32840633392334,0.9997364444444444,0.9279858426829426,1,0.1
NNDAD-B,4,1,5000,0.1,0.1424555778503418,2.5009841918945312,0.9998728888888888,0.9230848877034635,5,0.1
NNDAD-B,4,1,5000,0.1,0.04802870750427246,2.6603851318359375,0.9995075555555556,0.8976084388262178,10,0.1
NNDAD-B,4,1,5000,0.1,2.547426700592041,2.342745780944824,0.9997493333333333,0.9062760339773714,1,0.30000000000000004
NNDAD-B,4,1,5000,0.1,0.1464695930480957,2.499458074569702,0.9995546666666667,0.8935334045700988,5,0.30000000000000004
NNDAD-B,4,1,5000,0.1,0.0425572395324707,2.656108856201172,0.9992457777777778,0.8709780207411854,10,0.30000000000000004
NNDAD-B,4,1,5000,0.1,2.5530219078063965,2.489248037338257,0.9995502222222222,0.8949325044578679,1,0.5
NNDAD-B,4,1,5000,0.1,0.11185789108276367,2.4889822006225586,0.9986493333333333,0.8758968151020271,5,0.5
NNDAD-B,4,1,5000,0.1,0.04731893539428711,2.4713687896728516,0.9980933333333334,0.8525318281050214,10,0.5
NNDAD-B,4,1,5000,0.1,2.409959077835083,2.399994373321533,0.9991888888888889,0.8859891327226583,1,0.7000000000000001
NNDAD-B,4,1,5000,0.1,0.11311173439025879,2.486077070236206,0.9976191111111111,0.8607016373527842,5,0.7000000000000001
NNDAD-B,4,1,5000,0.1,0.055930376052856445,2.765678644180298,0.9968462222222222,0.8371547516245359,10,0.7000000000000001
NNDAD-B,4,1,5000,0.1,2.3408291339874268,2.3222949504852295,0.9987395555555556,0.8783696353974367,1,0.9
NNDAD-B,4,1,5000,0.1,0.11012768745422363,2.4978134632110596,0.9966977777777778,0.8473621703092422,5,0.9
NNDAD-B,4,1,5000,0.1,0.04793429374694824,2.7566046714782715,0.9957524444444444,0.8236952853151024,10,0.9
NNDAD-B,4,1,5000,0.1,2.333893060684204,2.3194663524627686,0.9982484444444444,0.8715790855754249,1,1.1
NNDAD-B,4,1,5000,0.1,0.1474447250366211,2.494738817214966,0.995928,0.8353743625045486,5,1.1
NNDAD-B,4,1,5000,0.1,0.04919695854187012,2.733651876449585,0.9948497777777777,0.8118937508417253,10,1.1
NNDAD-B,4,1,5000,0.1,2.5179920196533203,2.316685199737549,0.997708,0.8651979792604843,1,1.3000000000000003
NNDAD-B,4,1,5000,0.1,0.15325927734375,2.4992315769195557,0.995216,0.8245297989107889,5,1.3000000000000003
NNDAD-B,4,1,5000,0.1,0.04781961441040039,2.751922607421875,0.9941528888888889,0.8028046138734118,10,1.3000000000000003
NNDAD-B,4,1,5000,0.1,2.5470919609069824,2.3261215686798096,0.9972040000000001,0.8591596824270102,1,1.5000000000000002
NNDAD-B,4,1,5000,0.1,0.15231752395629883,2.4966800212860107,0.9946688888888889,0.8148033039612759,5,1.5000000000000002
NNDAD-B,4,1,5000,0.1,0.0436098575592041,2.753196954727173,0.993696888888889,0.7953519477977326,10,1.5000000000000002
NNDAD-B,4,1,5000,0.1,2.3355624675750732,2.327533721923828,0.9967435555555555,0.8534236402424052,1,1.7000000000000002
NNDAD-B,4,1,5000,0.1,0.16435933113098145,2.498527765274048,0.9942555555555556,0.8066719879385562,5,1.7000000000000002
NNDAD-B,4,1,5000,0.1,0.050751686096191406,2.741279363632202,0.9934124444444444,0.7875768519820265,10,1.7000000000000002
NNDAD-B,4,1,5000,0.1,2.361733913421631,2.3126871585845947,0.9963182222222222,0.8479653802171607,1,1.9000000000000001
NNDAD-B,4,1,5000,0.1,0.10866808891296387,2.463491678237915,0.9939391111111111,0.800187349567274,5,1.9000000000000001
NNDAD-B,4,1,5000,0.1,0.046005964279174805,2.5213537216186523,0.9932773333333335,0.7788663695075561,10,1.9000000000000001
NNDAD-B,4,5,1000,0.1,0.12287712097167969,0.10347914695739746,0.5,inf,1,0.1
NNDAD-B,4,5,1000,0.1,0.021897315979003906,0.07906126976013184,0.8109166666666667,3826.953024443106,5,0.1
NNDAD-B,4,5,1000,0.1,0.021872282028198242,0.08333873748779297,0.8463777777777778,40.44917160238944,10,0.1
NNDAD-B,4,5,1000,0.1,0.1175086498260498,0.11463356018066406,0.9434111111111112,67.87470732022607,1,0.30000000000000004
NNDAD-B,4,5,1000,0.1,0.01768350601196289,0.09653425216674805,0.8741555555555556,34.511999683746296,5,0.30000000000000004
NNDAD-B,4,5,1000,0.1,0.01898050308227539,0.08310317993164062,0.8654555555555556,25.53353834645934,10,0.30000000000000004
NNDAD-B,4,5,1000,0.1,0.11737251281738281,0.1153414249420166,0.9408888888888889,26.86627537338262,1,0.5
NNDAD-B,4,5,1000,0.1,0.021657466888427734,0.09637784957885742,0.8780777777777777,23.910838093440702,5,0.5
NNDAD-B,4,5,1000,0.1,0.013953447341918945,0.08305883407592773,0.8315,23.974411258890637,10,0.5
NNDAD-B,4,5,1000,0.1,0.143890380859375,0.10796785354614258,0.9274555555555555,23.56754271777955,1,0.7000000000000001
NNDAD-B,4,5,1000,0.1,0.020104408264160156,0.09624528884887695,0.8442888888888889,24.367829001665037,5,0.7000000000000001
NNDAD-B,4,5,1000,0.1,0.014211893081665039,0.08325672149658203,0.7811222222222222,25.107118915710476,10,0.7000000000000001
NNDAD-B,4,5,1000,0.1,0.14528942108154297,0.10727381706237793,0.9083666666666667,23.471660628190673,1,0.9
NNDAD-B,4,5,1000,0.1,0.011603832244873047,0.0964667797088623,0.8057555555555554,25.183809654176283,5,0.9
NNDAD-B,4,5,1000,0.1,0.015895366668701172,0.08281755447387695,0.7428111111111111,25.824477130560833,10,0.9
NNDAD-B,4,5,1000,0.1,0.1592717170715332,0.09883618354797363,0.8862888888888889,23.880212249126842,1,1.1
NNDAD-B,4,5,1000,0.1,0.011636495590209961,0.09637904167175293,0.7733555555555556,25.750445594273426,5,1.1
NNDAD-B,4,5,1000,0.1,0.02058863639831543,0.08283185958862305,0.7183444444444445,26.245410196582693,10,1.1
NNDAD-B,4,5,1000,0.1,0.11845731735229492,0.10408282279968262,0.8621888888888889,24.353269778851097,1,1.3000000000000003
NNDAD-B,4,5,1000,0.1,0.01214456558227539,0.09634041786193848,0.7471999999999999,26.11939313233733,5,1.3000000000000003
NNDAD-B,4,5,1000,0.1,0.018397092819213867,0.08253145217895508,0.7034,26.51021658407974,10,1.3000000000000003
NNDAD-B,4,5,1000,0.1,0.14517664909362793,0.10692858695983887,0.8386,24.789562077025938,1,1.5000000000000002
NNDAD-B,4,5,1000,0.1,0.01810169219970703,0.09575033187866211,0.7294111111111111,26.3689319355495,5,1.5000000000000002
NNDAD-B,4,5,1000,0.1,0.017255306243896484,0.08302116394042969,0.6939555555555555,26.692317513147447,10,1.5000000000000002
NNDAD-B,4,5,1000,0.1,0.11535191535949707,0.11651301383972168,0.8165777777777778,25.153118225228486,1,1.7000000000000002
NNDAD-B,4,5,1000,0.1,0.011605024337768555,0.09573912620544434,0.7175444444444444,26.547872949612945,5,1.7000000000000002
NNDAD-B,4,5,1000,0.1,0.014235973358154297,0.08329010009765625,0.6881999999999999,26.825193977860405,10,1.7000000000000002
NNDAD-B,4,5,1000,0.1,0.14812350273132324,0.10667037963867188,0.7966777777777778,25.44911346899351,1,1.9000000000000001
NNDAD-B,4,5,1000,0.1,0.018144607543945312,0.09623575210571289,0.7083888888888888,26.683376115196648,5,1.9000000000000001
NNDAD-B,4,5,1000,0.1,0.016832828521728516,0.0830223560333252,0.6847888888888889,26.927333237144822,10,1.9000000000000001
NNDAD-B,4,5,5000,0.1,2.7371811866760254,2.6657330989837646,0.931051111111111,118436.98994280072,1,0.1
NNDAD-B,4,5,5000,0.1,0.11621999740600586,2.7252607345581055,0.839124,inf,5,0.1
NNDAD-B,4,5,5000,0.1,0.0616152286529541,2.9994876384735107,0.9238564444444445,74.4107197040818,10,0.1
NNDAD-B,4,5,5000,0.1,2.674618721008301,2.653606414794922,0.9731582222222223,36.10472193460733,1,0.30000000000000004
NNDAD-B,4,5,5000,0.1,0.11501598358154297,2.714599370956421,0.9551382222222222,26.77847545673538,5,0.30000000000000004
NNDAD-B,4,5,5000,0.1,0.05199766159057617,2.6988959312438965,0.9540546666666666,24.47439415413669,10,0.30000000000000004
NNDAD-B,4,5,5000,0.1,2.8136305809020996,2.6631648540496826,0.9697991111111111,25.582689456422752,1,0.5
NNDAD-B,4,5,5000,0.1,0.11807036399841309,2.5723514556884766,0.9510382222222223,22.888103552695448,5,0.5
NNDAD-B,4,5,5000,0.1,0.04854249954223633,2.6673905849456787,0.9408893333333332,22.498820631906174,10,0.5
NNDAD-B,4,5,5000,0.1,2.839473247528076,2.8332626819610596,0.9654951111111111,23.525635124103566,1,0.7000000000000001
NNDAD-B,4,5,5000,0.1,0.11888694763183594,2.7269346714019775,0.938019111111111,22.589553638145315,5,0.7000000000000001
NNDAD-B,4,5,5000,0.1,0.05228543281555176,3.014286756515503,0.9165057777777776,22.85407744368874,10,0.7000000000000001
NNDAD-B,4,5,5000,0.1,2.6879866123199463,2.6471872329711914,0.9610031111111109,22.829866781223007,1,0.9
NNDAD-B,4,5,5000,0.1,0.13111281394958496,2.72091007232666,0.9209884444444445,22.843395137819563,5,0.9
NNDAD-B,4,5,5000,0.1,0.0502629280090332,3.0089080333709717,0.8857839999999999,23.392125702830143,10,0.9
NNDAD-B,4,5,5000,0.1,2.906633138656616,2.6614911556243896,0.9560195555555554,22.58830546275058,1,1.1
NNDAD-B,4,5,5000,0.1,0.12617015838623047,2.729449510574341,0.9011293333333332,23.21438321240385,5,1.1
NNDAD-B,4,5,5000,0.1,0.047974586486816406,3.015956163406372,0.8529222222222221,23.862915019722852,10,1.1
NNDAD-B,4,5,5000,0.1,2.701218366622925,2.6626408100128174,0.9500448888888888,22.551021148309093,1,1.3000000000000003
NNDAD-B,4,5,5000,0.1,0.12150335311889648,2.7311155796051025,0.8799640000000001,23.579162225653878,5,1.3000000000000003
NNDAD-B,4,5,5000,0.1,0.04851365089416504,3.021897792816162,0.8217084444444445,24.227694314975892,10,1.3000000000000003
NNDAD-B,4,5,5000,0.1,2.837761878967285,2.659431219100952,0.943088888888889,22.616991955274706,1,1.5000000000000002
NNDAD-B,4,5,5000,0.1,0.16183829307556152,2.727588653564453,0.8578991111111112,23.89803775082141,5,1.5000000000000002
NNDAD-B,4,5,5000,0.1,0.05531930923461914,3.0049707889556885,0.794088888888889,24.503888398277635,10,1.5000000000000002
NNDAD-B,4,5,5000,0.1,2.686016321182251,2.6572234630584717,0.9351986666666668,22.73752907371966,1,1.7000000000000002
NNDAD-B,4,5,5000,0.1,0.15677714347839355,2.7228007316589355,0.8360106666666668,24.163868033733298,5,1.7000000000000002
NNDAD-B,4,5,5000,0.1,0.059356689453125,3.0088741779327393,0.7707306666666667,24.714480362449347,10,1.7000000000000002
NNDAD-B,4,5,5000,0.1,2.965923547744751,2.6575188636779785,0.926499111111111,22.886708250306004,1,1.9000000000000001
NNDAD-B,4,5,5000,0.1,0.12542366981506348,2.720186710357666,0.8151391111111111,24.382323598217233,5,1.9000000000000001
NNDAD-B,4,5,5000,0.1,0.06986761093139648,2.660031795501709,0.7516604444444445,24.878625412677383,10,1.9000000000000001
