0,1,1000,0.01,,,1.1574184894561768,0.09610795974731445,0.9781818181818182,0.2615765130276959,2.7
0,1,1000,0.1,,,0.11018204689025879,0.10725688934326172,0.9918555555555556,0.30326149727448054,2.7
0,1,6000,0.01,,,3.6937806606292725,3.6611595153808594,0.993625140291807,0.08997148017220014,2.9000000000000004
0,1,6000,0.1,,,3.5422186851501465,3.4733896255493164,0.9953867283950618,0.1453707592932231,2.9000000000000004
0,1,11000,0.01,,,11.618460416793823,11.538166284561157,0.992430085983805,0.10158508367128818,3.1
0,1,11000,0.1,,,11.606340169906616,11.529812812805176,0.9965987144168963,0.12748724639039521,3.1
0,1,16000,0.01,,,26.369771480560303,26.21735978126526,0.9938261521464646,0.07561287578011973,3.1
0,1,16000,0.1,,,26.853395462036133,26.8293297290802,0.9972094618055555,0.07685721597818562,3.1
0,1,21000,0.01,,,45.69994044303894,45.22714805603027,0.9930550401978973,0.0651855205031888,3.1
0,1,21000,0.1,,,46.691906452178955,44.878602504730225,0.9975870496346686,0.07273219547673507,3.1
0,1,26000,0.01,,,77.29389309883118,72.3956298828125,0.9950560337098798,0.07401429148092249,3.1
0,1,26000,0.1,,,75.83803200721741,73.27850461006165,0.9981334648257725,0.07392559845423806,3.1
0,2,1000,0.01,,,0.14864420890808105,0.0992588996887207,0.9940404040404041,1.5285115485152143,2.7
0,2,1000,0.1,,,0.1192481517791748,0.11795377731323242,0.9628444444444444,1.5150377408050415,2.7
0,2,6000,0.01,,,4.045606851577759,3.964747667312622,0.9930246913580247,0.8133262983879772,2.9000000000000004
0,2,6000,0.1,,,3.713334083557129,3.6551477909088135,0.9807253086419753,0.8239646383430851,2.9000000000000004
0,2,11000,0.01,,,12.802927494049072,12.705462217330933,0.9947032306536439,0.6845689744805962,3.1
0,2,11000,0.1,,,12.769046783447266,12.757952451705933,0.986530762167126,0.680991347483549,3.1
0,2,16000,0.01,,,28.18278431892395,27.952648162841797,0.9935763888888889,0.6086178389349028,3.1
0,2,16000,0.1,,,30.443747997283936,29.55481767654419,0.9869655815972223,0.6131338738059103,3.1
0,2,21000,0.01,,,48.845707178115845,48.23807764053345,0.9934703039464944,0.5356170055791513,3.1
0,2,21000,0.1,,,48.74799633026123,49.43915343284607,0.9884572940287227,0.5590945452099723,3.1
0,2,26000,0.01,,,90.02336955070496,86.51069521903992,0.9940634152172614,0.5148829879010605,3.1
0,2,26000,0.1,,,76.76911187171936,77.75724697113037,0.9900256738987508,0.49028268230685623,3.1
0,5,1000,0.01,,,0.15405631065368652,0.09684252738952637,0.9329292929292929,25.36204003177458,2.7
0,5,1000,0.1,,,0.12368059158325195,0.11672472953796387,0.7734888888888889,24.592866698564684,2.7
0,5,6000,0.01,,,4.120149612426758,3.985372543334961,0.9718125701459035,21.997869806936055,2.9000000000000004
0,5,6000,0.1,,,3.9101402759552,3.8649251461029053,0.8798672839506172,22.01656166148925,2.9000000000000004
0,5,11000,0.01,,,13.73709225654602,13.654925346374512,0.975415310126054,21.060744406938937,3.1
0,5,11000,0.1,,,13.783199310302734,13.702892780303955,0.9286104683195593,20.648983140195313,3.1
0,5,16000,0.01,,,30.19847345352173,30.19011163711548,0.981863952020202,19.869753799050095,3.1
0,5,16000,0.1,,,30.967557191848755,30.9182710647583,0.9459677951388888,19.853297964324085,3.1
0,5,21000,0.01,,,55.750702142715454,55.7688250541687,0.9815002634050254,19.183004455212455,3.1
0,5,21000,0.1,,,55.83255195617676,56.6923291683197,0.9516910808767951,19.26689157666941,3.1
0,5,26000,0.01,,,88.82911825180054,89.80395531654358,0.9810522383599308,18.9414555106247,3.1
0,5,26000,0.1,,,98.95574045181274,105.70227861404419,0.9562962360289283,18.83398415340626,3.1
0,8,1000,0.01,,,0.1582317352294922,0.09653711318969727,0.9667676767676767,169.93617041272478,2.7
0,8,1000,0.1,,,0.1268000602722168,0.1174476146697998,0.7128222222222221,183.17596930977112,2.7
0,8,6000,0.01,,,4.332912445068359,4.108565807342529,0.8780751964085296,183.67359608989534,2.9000000000000004
0,8,6000,0.1,,,4.089546203613281,4.0975964069366455,0.7435768518518518,180.78521659159188,2.9000000000000004
0,8,11000,0.01,,,14.969860315322876,14.909950256347656,0.8741322314049587,178.92895333400884,3.1
0,8,11000,0.1,,,14.92334246635437,14.941359758377075,0.7674766758494032,186.19173410869652,3.1
0,8,16000,0.01,,,32.94509553909302,32.81666326522827,0.8989074337121211,177.0393770813438,3.1
0,8,16000,0.1,,,33.61140584945679,33.452962160110474,0.7931082899305555,183.51008923962092,3.1
0,8,21000,0.01,,,61.626296520233154,61.441776514053345,0.9412146407384502,179.6859579080789,3.1
0,8,21000,0.1,,,62.6021203994751,61.565528869628906,0.8166403124212648,184.62992854986155,3.1
0,8,26000,0.01,,,130.94746828079224,106.14513492584229,0.9226894686510071,179.96084999693417,3.1
0,8,26000,0.1,,,100.38208484649658,100.17379307746887,0.8265311143984222,179.82057096808117,3.1
1,1,1000,0.01,,,0.16399312019348145,0.10113263130187988,0.9848484848484849,0.2616344765421932,2.7
1,1,1000,0.1,,,0.15403509140014648,0.11204051971435547,0.9848111111111112,0.22032929650440258,2.7
1,1,6000,0.01,,,3.9935295581817627,3.993567943572998,0.9886560044893379,0.13822981053987696,2.9000000000000004
1,1,6000,0.1,,,3.7769978046417236,3.749748945236206,0.9955327160493828,0.14549379023125295,2.9000000000000004
1,1,11000,0.01,,,13.254820346832275,13.441017866134644,0.9921495951248017,0.11159215640103995,3.1
1,1,11000,0.1,,,13.432933330535889,13.048454999923706,0.9973358126721762,0.10820928940854715,3.1
1,1,16000,0.01,,,27.23986315727234,29.238849878311157,0.9947861426767677,0.08093130606197461,3.1
1,1,16000,0.1,,,29.884758472442627,28.56065034866333,0.9970516493055556,0.10243336968229255,3.1
1,1,21000,0.01,,,51.89488482475281,49.208526849746704,0.9933944891087748,0.07523421687851202,3.1
1,1,21000,0.1,,,52.23330354690552,49.331706523895264,0.9980340136054422,0.08126604218086851,3.1
1,1,26000,0.01,,,90.00827383995056,88.23069381713867,0.9941058514135438,0.07066337212644336,3.1
1,1,26000,0.1,,,91.16036915779114,91.95883011817932,0.9981723044049967,0.07675413958411034,3.1
1,2,1000,0.01,,,0.17027926445007324,0.10532450675964355,0.9959595959595959,1.4365967767578145,2.7
1,2,1000,0.1,,,0.15778136253356934,0.11359429359436035,0.9608888888888889,1.5267914812381231,2.7
1,2,6000,0.01,,,4.968970775604248,4.692220687866211,0.9933585858585858,0.8121112400026747,2.9000000000000004
1,2,6000,0.1,,,4.051937580108643,3.9484918117523193,0.9800966049382716,0.8179688605548022,2.9000000000000004
1,2,11000,0.01,,,16.395138025283813,16.427921533584595,0.9922238918106687,0.6756404015202401,3.1
1,2,11000,0.1,,,16.379952669143677,16.42202854156494,0.9859976124885216,0.7111357775724364,3.1
1,2,16000,0.01,,,37.23147201538086,36.141273975372314,0.993287168560606,0.5824653104015853,3.1
1,2,16000,0.1,,,35.60384392738342,34.571857929229736,0.9874630208333334,0.5961935588251147,3.1
1,2,21000,0.01,,,61.43071365356445,57.08275365829468,0.9936088778945921,0.5296750104357313,3.1
1,2,21000,0.1,,,58.897764921188354,56.73836827278137,0.9895351221970271,0.5293231972235098,3.1
0,1,1000,0.01,,,1.2472143173217773,0.10376310348510742,0.9908080808080808,0.2645098682005087,2.7
0,1,1000,0.1,,,0.14762353897094727,0.11072683334350586,0.9949666666666667,0.24543283459733042,2.7
0,1,6000,0.01,,,4.19612455368042,3.8222262859344482,0.9921464646464646,0.1349488057993632,2.9000000000000004
0,1,6000,0.1,,,3.722083806991577,3.665808916091919,0.9966354938271605,0.15859244103772926,2.9000000000000004
0,1,11000,0.01,,,13.230057716369629,12.375355243682861,0.9927564905250856,0.10348759792660203,3.1
0,1,11000,0.1,,,12.46448564529419,12.410346746444702,0.9973044077134986,0.09958501480972574,3.1
0,1,16000,0.01,,,30.34703803062439,28.231006383895874,0.9920967487373737,0.08599206419002337,3.1
0,1,16000,0.1,,,28.591353178024292,28.190685749053955,0.9967871527777777,0.09315499045885829,3.1
0,1,21000,0.01,,,51.062026500701904,48.56030893325806,0.994021164021164,0.08562282394753021,3.1
0,1,21000,0.1,,,49.33292198181152,48.8111252784729,0.9982341395817587,0.07794171633661132,3.1
0,1,26000,0.01,,,90.60655236244202,87.90920162200928,0.9939365548980933,0.061258770607370304,3.1
0,1,26000,0.1,,,77.36287021636963,76.27966594696045,0.9981122123602892,0.0632327867316137,3.1
0,2,1000,0.01,,,0.1529703140258789,0.10428547859191895,0.9894949494949495,1.4309116763047445,2.7
0,2,1000,0.1,,,0.1531209945678711,0.11172604560852051,0.9478333333333333,1.4690907322750988,2.7
0,2,6000,0.01,,,3.96523118019104,3.9209206104278564,0.9930920314253648,0.7996394279347591,2.9000000000000004
0,2,6000,0.1,,,3.972332000732422,3.9259400367736816,0.9799552469135803,0.8317675307487257,2.9000000000000004
0,2,11000,0.01,,,13.759748697280884,13.742114782333374,0.9940754653977794,0.6918717667323758,3.1
0,2,11000,0.1,,,16.023017406463623,15.821072340011597,0.9839173553719007,0.6731321985044216,3.1
0,2,16000,0.01,,,34.56751036643982,35.0230176448822,0.9947786458333333,0.5885376007668772,3.1
0,2,16000,0.1,,,30.417446613311768,30.004225254058838,0.9880158854166666,0.5966900641558112,3.1
0,2,21000,0.01,,,54.088929653167725,53.16611695289612,0.9945023935500126,0.5310530855679365,3.1
0,2,21000,0.1,,,52.123211145401,52.47511672973633,0.9876033761652808,0.5519400346896611,3.1
0,2,26000,0.01,,,84.32280468940735,84.57520365715027,0.9944390652082961,0.5097904293244168,3.1
0,2,26000,0.1,,,82.73789834976196,83.04136157035828,0.9893010355029587,0.5148218125969056,3.1
0,5,1000,0.01,,,0.15775465965270996,0.09962987899780273,0.9357575757575758,24.572984685941883,2.7
0,5,1000,0.1,,,0.1250441074371338,0.11862444877624512,0.7806777777777777,23.866197375338135,2.7
0,5,6000,0.01,,,4.121107578277588,4.1069111824035645,0.963641975308642,21.789975188079183,2.9000000000000004
0,5,6000,0.1,,,4.191270351409912,4.144874811172485,0.8975296296296297,22.289751340326546,2.9000000000000004
0,5,11000,0.01,,,14.635737657546997,14.659313917160034,0.9767150847316136,20.59009650563373,3.1
0,5,11000,0.1,,,14.854918956756592,14.795095920562744,0.92166290174472,20.651415777416137,3.1
0,5,16000,0.01,,,32.64041519165039,32.59956407546997,0.9829217960858586,20.087668177683796,3.1
0,5,16000,0.1,,,33.283289670944214,32.913864612579346,0.9422682291666667,19.705422875586898,3.1
0,5,21000,0.01,,,60.277453660964966,59.58120822906494,0.9791213724547058,19.267867194361404,3.1
0,5,21000,0.1,,,59.77777576446533,59.24529147148132,0.9492015873015873,19.147051393674076,3.1
0,5,26000,0.01,,,95.0663652420044,95.06997609138489,0.9841998386229155,18.74555590593665,3.1
0,5,26000,0.1,,,95.00038838386536,94.74285125732422,0.956853862590401,18.790506573845164,3.1
0,8,1000,0.01,,,0.15935492515563965,0.10292673110961914,0.7440404040404041,183.47771809968052,2.7
0,8,1000,0.1,,,0.1604619026184082,0.1039268970489502,0.7168777777777778,215.4650802499013,2.7
0,8,6000,0.01,,,4.287818908691406,4.271745204925537,0.8624551066217733,179.6493496281469,2.9000000000000004
0,8,6000,0.1,,,4.343217849731445,4.3239874839782715,0.75514012345679,186.4223039027606,2.9000000000000004
0,8,11000,0.01,,,16.114802360534668,16.15689206123352,0.8986451289757076,181.0330583416026,3.1
0,8,11000,0.1,,,15.942327737808228,15.983486652374268,0.7586151515151516,183.12746490506177,3.1
0,8,16000,0.01,,,35.960386514663696,35.89554476737976,0.9124238478535353,180.09669131906267,3.1
0,8,16000,0.1,,,35.60219407081604,35.66820788383484,0.7802384548611111,181.35631136092724,3.1
0,8,21000,0.01,,,66.01396179199219,65.29964089393616,0.9362873634302205,182.05615166750778,3.1
0,8,21000,0.1,,,65.58652877807617,65.05324053764343,0.8125161249685059,182.52960917702018,3.1
0,8,26000,0.01,,,101.79412150382996,102.19312262535095,0.9346984639292331,177.0081029585984,3.1
0,8,26000,0.1,,,102.36346507072449,102.35577964782715,0.8213991124260356,178.6578892713757,3.1
1,1,1000,0.01,,,0.14705991744995117,0.09880447387695312,0.9878787878787879,0.2765008509289007,2.7
1,1,1000,0.1,,,0.1437702178955078,0.1073307991027832,0.9877777777777778,0.2712582571728227,2.7
1,1,6000,0.01,,,3.5904948711395264,3.5654215812683105,0.9909315375982043,0.11074662679091286,2.9000000000000004
1,1,6000,0.1,,,3.7426202297210693,3.7096705436706543,0.9955055555555556,0.16416811218116556,2.9000000000000004
1,1,11000,0.01,,,12.32264757156372,12.371210098266602,0.9937315301778111,0.10317153996312597,3.1
1,1,11000,0.1,,,12.462320566177368,12.387060403823853,0.9967279155188246,0.09157530650363474,3.1
1,1,16000,0.01,,,28.28002905845642,28.185445070266724,0.9960554766414141,0.07827512686068056,3.1
1,1,16000,0.1,,,28.6748206615448,28.551875591278076,0.9970478732638889,0.08569773452726732,3.1
1,1,21000,0.01,,,49.90876889228821,47.74642825126648,0.9938553333791429,0.07531248554153551,3.1
1,1,21000,0.1,,,48.452834367752075,47.979164838790894,0.9970316200554296,0.08384045341110977,3.1
1,1,26000,0.01,,,75.93435478210449,76.84124755859375,0.9955893252047099,0.06977481812528853,3.1
1,1,26000,0.1,,,76.56348896026611,76.79185009002686,0.9984440664036818,0.06500700798402631,3.1
1,2,1000,0.01,,,0.15170669555664062,0.10168027877807617,0.9857575757575757,1.4594341066725656,2.7
1,2,1000,0.1,,,0.11829614639282227,0.11635804176330566,0.9706333333333333,1.4446802633588813,2.7
1,2,6000,0.01,,,3.9256091117858887,3.884995698928833,0.9911279461279462,0.8274301236085811,2.9000000000000004
1,2,6000,0.1,,,3.87980318069458,3.8428475856781006,0.9839608024691359,0.8091631164088182,2.9000000000000004
1,2,11000,0.01,,,13.436062812805176,13.445639371871948,0.9926638283663077,0.6768342614673992,3.1
1,2,11000,0.1,,,13.321955919265747,13.397159576416016,0.9866879706152434,0.7024528722973715,3.1
1,2,16000,0.01,,,29.50962805747986,29.57435894012451,0.9937673611111112,0.5781414231428723,3.1
1,2,16000,0.1,,,29.723039150238037,29.81951403617859,0.9888248263888889,0.6174695219838324,3.1
1,2,21000,0.01,,,53.889989614486694,52.1647367477417,0.9945051421241898,0.5705261077946578,3.1
1,2,21000,0.1,,,51.809314250946045,51.8043954372406,0.9880661879566641,0.5449960766103276,3.1
1,2,26000,0.01,,,81.86903095245361,83.1378242969513,0.9932504034427111,0.5098393668807276,3.1
1,2,26000,0.1,,,82.67521286010742,82.72429919242859,0.9899682445759369,0.48866830818520457,3.1
1,5,1000,0.01,,,0.15635418891906738,0.11187529563903809,0.9901010101010101,24.840839473308954,2.7
1,5,1000,0.1,,,0.1548600196838379,0.10600399971008301,0.7169111111111112,26.390996653917885,2.7
1,5,6000,0.01,,,4.30323600769043,4.113010406494141,0.9596661054994389,21.97135922575045,2.9000000000000004
1,5,6000,0.1,,,4.058838367462158,4.019917964935303,0.9046604938271605,22.36748794770864,2.9000000000000004
1,5,11000,0.01,,,14.355298280715942,14.456480026245117,0.9707947241005092,20.865530822742397,3.1
1,5,11000,0.1,,,14.370985746383667,14.421963930130005,0.9237674012855831,20.930270358606098,3.1
1,5,16000,0.01,,,32.24289798736572,32.23100686073303,0.981216856060606,20.266702917469885,3.1
1,5,16000,0.1,,,32.60448217391968,32.595284938812256,0.946919921875,20.228546364366736,3.1
1,5,21000,0.01,,,59.29940319061279,59.08747601509094,0.9845875993495042,19.269542417661835,3.1
1,5,21000,0.1,,,58.83403992652893,58.93805193901062,0.9506173343411439,19.21282955427047,3.1
1,5,26000,0.01,,,94.86182475090027,95.90610218048096,0.9836920984997908,18.837501162618892,3.1
1,5,26000,0.1,,,95.33216166496277,94.22169089317322,0.9549824621959238,18.62546943214706,3.1
1,8,1000,0.01,,,0.15846848487854004,0.10117745399475098,0.848888888888889,191.9564711995741,2.7
1,8,1000,0.1,,,0.16030240058898926,0.10164904594421387,0.7081444444444445,180.2034752349728,2.7
1,8,6000,0.01,,,4.214782238006592,4.232710838317871,0.8552777777777778,175.83074768351716,2.9000000000000004
1,8,6000,0.1,,,4.243751049041748,4.2656965255737305,0.7242978395061728,185.34612493934068,2.9000000000000004
1,8,11000,0.01,,,17.120322942733765,19.220644235610962,0.9083679772935972,180.2309803919619,3.1
1,8,11000,0.1,,,17.29515767097473,17.183578491210938,0.7618381083562902,183.31132914296938,3.1
1,8,16000,0.01,,,38.24431538581848,36.22636079788208,0.8972612847222221,178.77525836859195,3.1
1,8,16000,0.1,,,39.560194969177246,38.42239332199097,0.7889602864583334,179.60730102486767,3.1
1,8,21000,0.01,,,66.74847435951233,66.32501530647278,0.9306388144483382,177.70604819074714,3.1
1,8,21000,0.1,,,66.25116777420044,65.13991856575012,0.8004274376417233,179.48597971717496,3.1
1,8,26000,0.01,,,104.45865607261658,104.37638831138611,0.9299457593688363,180.72530897227026,3.1
1,8,26000,0.1,,,101.93026447296143,102.02347373962402,0.816779503616042,180.67827517184912,3.1
2,1,1000,0.01,,,0.14941835403442383,0.09983587265014648,0.9915151515151515,0.2212875208283819,2.7
2,1,1000,0.1,,,0.1463146209716797,0.10996770858764648,0.9936222222222223,0.2770418512247278,2.7
2,1,6000,0.01,,,3.68707275390625,3.6548855304718018,0.991026936026936,0.1525638006116173,2.9000000000000004
2,1,6000,0.1,,,3.6747443675994873,3.6304047107696533,0.9966438271604937,0.12102874295412554,2.9000000000000004
2,1,11000,0.01,,,12.258224487304688,12.25180172920227,0.993633859253694,0.09891406337076238,3.1
2,1,11000,0.1,,,12.441361427307129,12.382357835769653,0.9963011937557391,0.07920040696041984,3.1
2,1,16000,0.01,,,31.37074041366577,29.796944618225098,0.9933057133838383,0.10761688657074003,3.1
2,1,16000,0.1,,,31.396294355392456,31.78188443183899,0.9971338975694444,0.09574439207095854,3.1
2,1,21000,0.01,,,48.70652985572815,48.03534460067749,0.9952140452140452,0.0892233275960153,3.1
2,1,21000,0.1,,,48.28856897354126,48.14869523048401,0.9982487528344671,0.09321405386152119,3.1
2,1,26000,0.01,,,77.2734067440033,76.96515727043152,0.9950954814416353,0.06905182666952489,3.1
2,1,26000,0.1,,,84.24014115333557,83.29112887382507,0.9981095825115056,0.056815207767235115,3.1
2,2,1000,0.01,,,0.14129996299743652,0.10151886940002441,0.9904040404040404,1.5085284437344986,2.7
2,2,1000,0.1,,,0.1514897346496582,0.11083793640136719,0.957188888888889,1.4685035170780634,2.7
2,2,6000,0.01,,,4.05265998840332,4.252399682998657,0.9919500561167228,0.8114683884304701,2.9000000000000004
2,2,6000,0.1,,,4.3834617137908936,4.338100910186768,0.984166049382716,0.7996848931064879,2.9000000000000004
2,2,11000,0.01,,,15.10517954826355,15.246771812438965,0.9915702479338843,0.7031880140028395,3.1
2,2,11000,0.1,,,14.260885953903198,15.271594762802124,0.9855025711662075,0.709546213387486,3.1
2,2,16000,0.01,,,31.499858856201172,30.58514404296875,0.9932599431818182,0.5961717161447614,3.1
2,2,16000,0.1,,,33.23120641708374,35.873876333236694,0.9887063802083335,0.5692325439758281,3.1
2,2,21000,0.01,,,54.35224771499634,53.85124731063843,0.9942389885247028,0.5245183752389373,3.1
2,2,21000,0.1,,,56.41999888420105,55.38326621055603,0.9889391534391535,0.5177329971504678,3.1
2,2,26000,0.01,,,85.90963983535767,85.45087909698486,0.9948371286832826,0.508500734571065,3.1
2,2,26000,0.1,,,84.02884268760681,83.68239331245422,0.9906829059829059,0.4996035413890016,3.1
2,5,1000,0.01,,,0.15721821784973145,0.10356450080871582,0.8904040404040404,24.348610679533472,2.7
2,5,1000,0.1,,,0.15730762481689453,0.1092844009399414,0.7228444444444445,22.850960684369955,2.7
2,5,6000,0.01,,,4.142216444015503,4.145123243331909,0.975381593714927,21.979159813951846,2.9000000000000004
2,5,6000,0.1,,,4.219084024429321,4.174858331680298,0.8973867283950617,22.624442630840864,2.9000000000000004
2,5,11000,0.01,,,14.852777242660522,14.824070453643799,0.9799181901661241,20.71926789416858,3.1
2,5,11000,0.1,,,14.929623365402222,14.823317289352417,0.9306169880624426,21.09429182767921,3.1
2,5,16000,0.01,,,33.1222825050354,33.04134464263916,0.9797806186868688,19.77696450729682,3.1
2,5,16000,0.1,,,33.30671787261963,33.04337739944458,0.9432238715277779,20.250294963022327,3.1
2,5,21000,0.01,,,60.96129655838013,60.17334008216858,0.9875079594127213,19.17599312588573,3.1
2,5,21000,0.1,,,60.100385904312134,60.43470859527588,0.9498024943310657,19.40193859220009,3.1
2,5,26000,0.01,,,97.3659029006958,97.03347682952881,0.9840716334947104,18.818881465570687,3.1
2,5,26000,0.1,,,98.08680772781372,98.20095896720886,0.9561333168967784,18.721471099645843,3.1
2,8,1000,0.01,,,0.13013672828674316,0.10985875129699707,0.734949494949495,168.66360971436384,2.7
2,8,1000,0.1,,,0.13261675834655762,0.11751818656921387,0.6640222222222221,171.93527886486768,2.7
2,8,6000,0.01,,,4.569746732711792,4.455186128616333,0.9035465768799104,187.18375700661454,2.9000000000000004
2,8,6000,0.1,,,4.393080234527588,4.350003480911255,0.726161111111111,184.4829080722361,2.9000000000000004
2,8,11000,0.01,,,17.031391859054565,17.005261421203613,0.8951523499457383,177.6382514552256,3.1
2,8,11000,0.1,,,16.967701196670532,16.85032033920288,0.7680694214876034,181.41853932283993,3.1
2,8,16000,0.01,,,37.975391149520874,37.39855718612671,0.9297585227272728,181.70197865012773,3.1
2,8,16000,0.1,,,38.87364363670349,38.339149475097656,0.7854975260416667,183.18038137689373,3.1
2,8,21000,0.01,,,67.62884187698364,66.74012732505798,0.9297888178840561,179.78020129745673,3.1
2,8,21000,0.1,,,67.46802020072937,67.20881843566895,0.7998895187704711,182.17341739633162,3.1
2,8,26000,0.01,,,105.32736110687256,105.12292075157166,0.9294178471101547,177.28380397843424,3.1
2,8,26000,0.1,,,104.64511561393738,104.50364685058594,0.8275937047994739,179.3272815961164,3.1
3,1,1000,0.01,,,0.1507124900817871,0.0998990535736084,0.9955555555555555,0.24480770359559498,2.7
3,1,1000,0.1,,,0.14996337890625,0.11012554168701172,0.9861,0.27898791400242123,2.7
3,1,6000,0.01,,,3.6968865394592285,3.669832229614258,0.9939001122334455,0.14633234263205114,2.9000000000000004
3,1,6000,0.1,,,3.6811270713806152,3.630126476287842,0.9947626543209876,0.15524241480214776,2.9000000000000004
3,1,11000,0.01,,,12.47632384300232,12.467396020889282,0.9922965189080891,0.10246694200887232,3.1
3,1,11000,0.1,,,12.541642427444458,12.509699583053589,0.9959944903581266,0.11684241018258888,3.1
3,1,16000,0.01,,,28.527955532073975,28.333547592163086,0.9947368213383838,0.0892779958694372,3.1
3,1,16000,0.1,,,33.79612350463867,32.486103773117065,0.9981473524305556,0.08670056044832548,3.1
3,1,21000,0.01,,,50.27540826797485,48.244033098220825,0.9942953342953343,0.06942613413315044,3.1
3,1,21000,0.1,,,49.0362548828125,48.52053236961365,0.9982140085663895,0.09305189833117941,3.1
3,1,26000,0.01,,,80.25241112709045,78.64118385314941,0.9955733369194908,0.06111501270964658,3.1
3,1,26000,0.1,,,77.80338478088379,77.55475950241089,0.9983549309664694,0.0648569533655802,3.1
3,2,1000,0.01,,,0.1492295265197754,0.09846138954162598,0.9957575757575757,1.4846158816423467,2.7
3,2,1000,0.1,,,0.15328764915466309,0.1119391918182373,0.9628555555555556,1.5043778140792223,2.7
3,2,6000,0.01,,,3.9457969665527344,3.926166296005249,0.9920005611672278,0.8100378645078202,2.9000000000000004
3,2,6000,0.1,,,3.971297025680542,3.9214437007904053,0.9832672839506175,0.851888571573428,2.9000000000000004
3,2,11000,0.01,,,13.84564733505249,13.78844928741455,0.9942440938308706,0.70794143225552,3.1
3,2,11000,0.1,,,13.859992504119873,13.756042242050171,0.9871121212121212,0.6733275138967402,3.1
3,2,16000,0.01,,,30.343602895736694,30.38336443901062,0.9923824179292929,0.6205020359955364,3.1
3,2,16000,0.1,,,30.149022579193115,30.15756368637085,0.9846578993055556,0.6084648561729235,3.1
3,2,21000,0.01,,,52.990511655807495,52.40560555458069,0.9931084083465036,0.5371139458111266,3.1
3,2,21000,0.1,,,52.9996075630188,52.69073700904846,0.9886272864701436,0.5456753284711212,3.1
3,2,26000,0.01,,,84.49056220054626,84.24742007255554,0.9929584304584306,0.49160532875757906,3.1
3,2,26000,0.1,,,92.2603440284729,92.2070837020874,0.9899392998027614,0.5096369891709446,3.1
3,5,1000,0.01,,,0.15769147872924805,0.10235118865966797,0.9447474747474747,25.84968506903,2.7
3,5,1000,0.1,,,0.15804839134216309,0.10978507995605469,0.7275444444444444,23.815067795825357,2.7
3,5,6000,0.01,,,4.199224233627319,4.183354139328003,0.9735606060606061,21.970566299468405,2.9000000000000004
3,5,6000,0.1,,,4.192598104476929,4.156857013702393,0.9018095679012345,22.49109555455464,2.9000000000000004
3,5,11000,0.01,,,14.829715251922607,14.790900945663452,0.9771575256699224,21.55731444203852,3.1
3,5,11000,0.1,,,14.927002668380737,14.835625410079956,0.9221460973370065,20.844869518537884,3.1
3,5,16000,0.01,,,33.224122285842896,33.06451106071472,0.9799688289141413,19.930476414728094,3.1
3,5,16000,0.1,,,33.12489366531372,32.936354875564575,0.9434443142361112,20.174694188418208,3.1
3,5,21000,0.01,,,60.51742720603943,59.881280183792114,0.9851311298930348,19.191127656976263,3.1
3,5,21000,0.1,,,60.240111351013184,60.738839626312256,0.9498568405139834,19.34569483189877,3.1
3,5,26000,0.01,,,95.80240178108215,95.99630284309387,0.9839984161138007,18.63061824016113,3.1
3,5,26000,0.1,,,94.51697659492493,94.69195485115051,0.9548296515450361,18.61374408969054,3.1
3,8,1000,0.01,,,0.13313794136047363,0.10963892936706543,0.8770707070707071,178.72303034306358,2.7
3,8,1000,0.1,,,0.16214394569396973,0.10676956176757812,0.6681888888888888,180.4473751804157,2.7
3,8,6000,0.01,,,4.404336452484131,4.367695093154907,0.8758501683501684,180.3183099712563,2.9000000000000004
3,8,6000,0.1,,,4.4641029834747314,4.430506467819214,0.7390364197530863,189.9615961219303,2.9000000000000004
3,8,11000,0.01,,,16.693124771118164,16.701213836669922,0.9023340846481342,182.78791621519213,3.1
3,8,11000,0.1,,,16.646495580673218,16.545437812805176,0.7575600550964188,177.6321672466854,3.1
3,8,16000,0.01,,,37.67238974571228,37.529250383377075,0.9018986742424242,183.6912190115437,3.1
3,8,16000,0.1,,,37.47115778923035,37.65213227272034,0.7836638888888889,181.80722822743985,3.1
3,8,21000,0.01,,,67.94091987609863,67.84523153305054,0.9144029867839393,181.20343407692897,3.1
3,8,21000,0.1,,,67.3486738204956,67.1889100074768,0.8143956916099774,179.74909842857386,3.1
3,8,26000,0.01,,,106.4167869091034,107.26366376876831,0.927412437989361,175.78587920185836,3.1
3,8,26000,0.1,,,105.90874242782593,105.5340416431427,0.8283716469428009,178.58514545087516,3.1
4,1,1000,0.01,,,0.15102767944335938,0.10070967674255371,0.9925252525252526,0.28065397471081854,2.7
4,1,1000,0.1,,,0.15038466453552246,0.11151838302612305,0.9877777777777778,0.33108745114709076,2.7
4,1,6000,0.01,,,3.8624002933502197,3.806750535964966,0.9931874298540966,0.13733164014145974,2.9000000000000004
4,1,6000,0.1,,,3.7582943439483643,3.7186005115509033,0.9960175925925926,0.14347565292498493,2.9000000000000004
4,1,11000,0.01,,,12.713414907455444,12.79967713356018,0.9929885633191419,0.12494178567570068,3.1
4,1,11000,0.1,,,12.798199653625488,12.762433767318726,0.9966914600550965,0.12080187211828297,3.1
4,1,16000,0.01,,,29.05138659477234,29.072231769561768,0.9933061079545454,0.08913019402443266,3.1
4,1,16000,0.1,,,29.809266567230225,29.662376880645752,0.9962854166666666,0.08314265588081104,3.1
4,1,21000,0.01,,,51.87473511695862,50.90201139450073,0.9937733342495247,0.06973630548467116,3.1
4,1,21000,0.1,,,49.386420011520386,49.58879351615906,0.9968946586041824,0.06796191241918183,3.1
4,1,26000,0.01,,,81.71852707862854,80.57454323768616,0.9947144522144522,0.05958674208969218,3.1
4,1,26000,0.1,,,82.27771282196045,81.38511681556702,0.998337261669954,0.08261736848967083,3.1
4,2,1000,0.01,,,0.1554727554321289,0.10249900817871094,0.9781818181818183,1.431458223887398,2.7
4,2,1000,0.1,,,0.15514755249023438,0.11335611343383789,0.9721333333333333,1.5047511576844819,2.7
4,2,6000,0.01,,,3.979889154434204,3.930274486541748,0.9922306397306397,0.8241987280055024,2.9000000000000004
4,2,6000,0.1,,,4.012254476547241,3.985422372817993,0.983760185185185,0.8283758911160074,2.9000000000000004
4,2,11000,0.01,,,13.779451131820679,13.781736850738525,0.9935695800985057,0.7015488554923669,3.1
4,2,11000,0.1,,,13.934309244155884,13.903694868087769,0.98554536271809,0.7200728763846288,3.1
4,2,16000,0.01,,,30.554030418395996,30.63659906387329,0.9941840277777778,0.5738139304508174,3.1
4,2,16000,0.1,,,33.51502585411072,33.71246886253357,0.9859189236111112,0.5875733340454581,3.1
4,2,21000,0.01,,,58.56245422363281,57.72618317604065,0.9947603014269681,0.5510908760695067,3.1
4,2,21000,0.1,,,67.31266641616821,63.99057197570801,0.9883937263794407,0.5225987457090241,3.1
4,2,26000,0.01,,,91.46766543388367,88.34425759315491,0.994785577670193,0.5001805521480891,3.1
4,2,26000,0.1,,,111.32226395606995,113.5952615737915,0.9899242603550296,0.4909229519975425,3.1
4,5,1000,0.01,,,0.15784764289855957,0.14700078964233398,0.9485858585858586,23.85886114590529,2.7
4,5,1000,0.1,,,0.1622028350830078,0.10976815223693848,0.7720111111111111,23.455521206353488,2.7
4,5,6000,0.01,,,4.31802773475647,4.2878642082214355,0.9622811447811448,21.942433658139848,2.9000000000000004
4,5,6000,0.1,,,4.450863361358643,4.39968204498291,0.8849944444444444,22.310408638002535,2.9000000000000004
4,5,11000,0.01,,,15.658116102218628,15.594420194625854,0.9819283746556474,20.96620140866175,3.1
4,5,11000,0.1,,,15.801591396331787,15.740859270095825,0.928616896235078,21.051123951528815,3.1
4,5,16000,0.01,,,34.68000411987305,34.47847080230713,0.9791449652777777,19.930798409107076,3.1
4,5,16000,0.1,,,34.450417041778564,34.71926808357239,0.9400944878472222,20.029373936080557,3.1
4,5,21000,0.01,,,65.2830798625946,64.45198845863342,0.98134817563389,19.34540327333735,3.1
4,5,21000,0.1,,,64.7973358631134,64.5090844631195,0.9499130511463845,19.547638689162067,3.1
4,5,26000,0.01,,,107.80988931655884,105.91676902770996,0.9851654115115653,18.584739281767497,3.1
4,5,26000,0.1,,,103.12086415290833,104.50075173377991,0.9569165516107823,18.846188337024255,3.1
4,8,1000,0.01,,,0.15473532676696777,0.10982084274291992,0.906969696969697,166.2539089719413,2.7
4,8,1000,0.1,,,0.1717817783355713,0.10672712326049805,0.6855555555555555,180.82482087699194,2.7
4,8,6000,0.01,,,4.482633352279663,4.52932596206665,0.903726150392817,177.06692296358528,2.9000000000000004
4,8,6000,0.1,,,4.570506572723389,4.587042808532715,0.7580030864197531,174.5247378699762,2.9000000000000004
4,8,11000,0.01,,,17.109138011932373,17.190752506256104,0.8801652892561983,180.37528464248004,3.1
4,8,11000,0.1,,,20.400896549224854,19.662193775177002,0.7755270890725435,182.02579621370887,3.1
4,8,16000,0.01,,,42.99135875701904,49.44356727600098,0.909866240530303,179.93243974806282,3.1
4,8,16000,0.1,,,46.17528581619263,48.72317171096802,0.7973518663194444,182.91667380897903,3.1
4,8,21000,0.01,,,99.76276779174805,89.17252254486084,0.9140046725761012,177.79229983381592,3.1
4,8,21000,0.1,,,88.71851062774658,85.11280798912048,0.809237818090199,182.60802788785227,3.1
4,8,26000,0.01,,,236.14319705963135,129.92394971847534,0.9366034606419222,179.30158647856902,3.1
4,8,26000,0.1,,,112.0830557346344,112.17492699623108,0.8244912393162392,179.79450150832918,3.1
5,1,1000,0.01,,,0.1554102897644043,0.10697174072265625,0.9945454545454546,0.2178792422498109,2.7
5,1,1000,0.1,,,0.15828609466552734,0.11109375953674316,0.9948111111111111,0.3316474633258375,2.7
5,1,6000,0.01,,,3.9906275272369385,3.9628143310546875,0.9915123456790124,0.15627534213872005,2.9000000000000004
5,1,6000,0.1,,,4.071317434310913,4.009972333908081,0.996695987654321,0.10655138162541057,2.9000000000000004
5,1,11000,0.01,,,13.505439519882202,13.410209894180298,0.9930545120627765,0.09474801401908657,3.1
5,1,11000,0.1,,,13.407187223434448,13.466682195663452,0.9965343434343436,0.09700857314603366,3.1
5,1,16000,0.01,,,30.883700847625732,30.677624940872192,0.9917874053030303,0.08014576912479492,3.1
5,1,16000,0.1,,,30.689630270004272,30.991108417510986,0.9969944878472221,0.10121167514825237,3.1
5,1,21000,0.01,,,53.235580921173096,52.99915337562561,0.9936306374401612,0.07676305533777249,3.1
5,1,21000,0.1,,,52.36871385574341,52.67824101448059,0.9964955656336609,0.08647104600650692,3.1
5,1,26000,0.01,,,85.19539761543274,84.79477286338806,0.9939431295200526,0.0759061278234395,3.1
5,1,26000,0.1,,,82.05227255821228,82.04849028587341,0.9978046022353715,0.07842031149970638,3.1
5,2,1000,0.01,,,0.15275788307189941,0.1068122386932373,0.9781818181818182,1.481031178299261,2.7
5,2,1000,0.1,,,0.15564775466918945,0.11197686195373535,0.9676111111111112,1.5146795062728398,2.7
5,2,6000,0.01,,,4.006958246231079,3.9774770736694336,0.9926178451178451,0.7847356575832624,2.9000000000000004
5,2,6000,0.1,,,4.019652605056763,3.979032278060913,0.9834503086419754,0.82246168978858,2.9000000000000004
5,2,11000,0.01,,,14.074556827545166,14.074623346328735,0.9939310459971616,0.6922729520464613,3.1
5,2,11000,0.1,,,14.074870109558105,14.098787784576416,0.9869794306703399,0.6816586210357468,3.1
5,2,16000,0.01,,,30.8908953666687,30.920575857162476,0.9947581281565657,0.6133817732139271,3.1
5,2,16000,0.1,,,31.29309606552124,31.53505802154541,0.9879614583333334,0.6046621515693705,3.1
5,2,21000,0.01,,,54.876184940338135,54.265379905700684,0.9948118371927895,0.5573556609938055,3.1
5,2,21000,0.1,,,54.837923765182495,54.575854778289795,0.9881313429075333,0.5270651474253545,3.1
5,2,26000,0.01,,,119.6955988407135,107.96477723121643,0.9937781662781663,0.4828360957501249,3.1
5,2,26000,0.1,,,98.96206784248352,104.96838092803955,0.9878422090729784,0.48870105747185677,3.1
5,5,1000,0.01,,,0.11396121978759766,0.12372517585754395,0.9302020202020203,23.885821650862948,2.7
5,5,1000,0.1,,,0.158660888671875,0.1102750301361084,0.7123888888888888,24.302500758671766,2.7
5,5,6000,0.01,,,4.834202527999878,4.788641929626465,0.96915544332211,21.75162380299698,2.9000000000000004
5,5,6000,0.1,,,5.237488031387329,5.305724620819092,0.8947493827160493,21.417917286397778,2.9000000000000004
5,5,11000,0.01,,,17.400453805923462,17.840001344680786,0.9776584022038567,21.14206900309121,3.1
5,5,11000,0.1,,,15.863080501556396,15.741252660751343,0.9260209366391186,21.13550250168681,3.1
5,5,16000,0.01,,,38.985440731048584,37.26611113548279,0.9784473642676769,20.06357987773143,3.1
5,5,16000,0.1,,,37.15252375602722,36.401838541030884,0.9475857638888889,20.14215998521126,3.1
5,5,21000,0.01,,,69.34694981575012,65.71496391296387,0.983006253006253,19.001938985642422,3.1
5,5,21000,0.1,,,61.657904863357544,61.16815209388733,0.9527086167800454,19.26822434152668,3.1
5,5,26000,0.01,,,142.92629218101501,124.19970631599426,0.9823090371167295,18.605770170066556,3.1
5,5,26000,0.1,,,103.57848262786865,102.43317365646362,0.9547813445101907,18.620069301548284,3.1
5,8,1000,0.01,,,0.18102002143859863,0.13178086280822754,0.8426262626262626,189.27190681168477,2.7
5,8,1000,0.1,,,0.1669783592224121,0.1082613468170166,0.6470777777777778,193.1457007788177,2.7
5,8,6000,0.01,,,4.6548991203308105,4.794356346130371,0.9031902356902357,185.1747010816864,2.9000000000000004
5,8,6000,0.1,,,4.961236000061035,4.927263498306274,0.7146978395061727,176.29358123274318,2.9000000000000004
5,8,11000,0.01,,,16.303585529327393,16.363232374191284,0.9295692461808165,185.03841063784134,3.1
5,8,11000,0.1,,,16.32495951652527,16.307448625564575,0.7456354453627181,185.452932518032,3.1
5,8,16000,0.01,,,36.45210647583008,36.596508264541626,0.9063928345959595,177.98328849064401,3.1
5,8,16000,0.1,,,36.01812267303467,35.879114866256714,0.7845205729166667,179.18257498283296,3.1
5,8,21000,0.01,,,66.01054835319519,66.73591732978821,0.9255942646418837,181.50896637360756,3.1
5,8,21000,0.1,,,66.2723982334137,65.73609733581543,0.80539019904258,183.47528016016432,3.1
5,8,26000,0.01,,,104.48536515235901,104.29466533660889,0.9207160361006514,179.1756961023596,3.1
5,8,26000,0.1,,,101.8628990650177,102.67967009544373,0.827333990795529,180.48340032393102,3.1
6,1,1000,0.01,,,0.11491870880126953,0.10700607299804688,0.9836363636363636,0.21443159866724615,2.7
6,1,1000,0.1,,,0.1354846954345703,0.1027224063873291,0.9927888888888889,0.27080141736845087,2.7
6,1,6000,0.01,,,3.663816452026367,3.6411097049713135,0.996391694725028,0.11282991161015293,2.9000000000000004
6,1,6000,0.1,,,3.7482945919036865,3.695211887359619,0.9947521604938272,0.13229627187269913,2.9000000000000004
6,1,11000,0.01,,,12.40011715888977,12.410301685333252,0.990883212288171,0.10276344404512902,3.1
6,1,11000,0.1,,,12.493981838226318,12.455854177474976,0.9954884297520662,0.11542140743861169,3.1
6,1,16000,0.01,,,28.256529808044434,28.20597743988037,0.9934351325757576,0.09173106193312203,3.1
6,1,16000,0.1,,,31.619609117507935,31.1528959274292,0.9968348090277777,0.07063983290731894,3.1
6,1,21000,0.01,,,48.426615953445435,48.5383517742157,0.9941624865434389,0.07699660804433205,3.1
6,1,21000,0.1,,,48.29961562156677,48.69687104225159,0.9976608213655832,0.06982931143115324,3.1
6,1,26000,0.01,,,78.43965816497803,77.90818953514099,0.9950685852608929,0.07246094810389639,3.1
6,1,26000,0.1,,,77.50436687469482,78.14375758171082,0.9979938198553584,0.0728309839068228,3.1
6,2,1000,0.01,,,0.15305566787719727,0.10063791275024414,0.9902020202020202,1.4176936257416923,2.7
6,2,1000,0.1,,,0.1533961296081543,0.11150717735290527,0.9512222222222222,1.4155735643216314,2.7
6,2,6000,0.01,,,3.9324209690093994,3.891164779663086,0.9950364758698093,0.8299540889875485,2.9000000000000004
6,2,6000,0.1,,,3.9623286724090576,3.9080162048339844,0.9855293209876543,0.8267473270915755,2.9000000000000004
6,2,11000,0.01,,,13.600003719329834,13.569658517837524,0.9945738375490442,0.6644981117092998,3.1
6,2,11000,0.1,,,13.642415046691895,13.564113140106201,0.9840192837465566,0.6925307947494712,3.1
6,2,16000,0.01,,,29.862428665161133,29.770903825759888,0.9934663036616161,0.5926418587730368,3.1
6,2,16000,0.1,,,33.96858048439026,33.9441237449646,0.9863993055555554,0.6064833000229444,3.1
6,2,21000,0.01,,,62.800482511520386,56.427571296691895,0.9926798598227169,0.5312479737202856,3.1
6,2,21000,0.1,,,52.759793281555176,52.122262716293335,0.9899843285462333,0.5423384150590485,3.1
6,2,26000,0.01,,,115.48071479797363,104.12254476547241,0.9953547307393461,0.4997573892279075,3.1
6,2,26000,0.1,,,84.20085740089417,83.76432013511658,0.9896084976988823,0.4994746503028889,3.1
6,5,1000,0.01,,,0.15586066246032715,0.10074687004089355,0.9342424242424242,23.69477362937371,2.7
6,5,1000,0.1,,,0.15327668190002441,0.10771298408508301,0.7178888888888889,23.001655527509932,2.7
6,5,6000,0.01,,,4.146489858627319,4.123594284057617,0.9759680134680134,21.454968936276526,2.9000000000000004
6,5,6000,0.1,,,4.190201997756958,4.170134782791138,0.9050561728395061,21.45898453589689,2.9000000000000004
6,5,11000,0.01,,,14.705695629119873,14.692012786865234,0.9766341096919608,20.930606797312393,3.1
6,5,11000,0.1,,,14.790812730789185,14.728886604309082,0.9216533516988062,20.9017167857007,3.1
6,5,16000,0.01,,,32.53087639808655,32.767842531204224,0.9814322916666667,20.01730460293372,3.1
6,5,16000,0.1,,,32.873852491378784,33.003307819366455,0.9450436631944443,20.196899347471618,3.1
6,5,21000,0.01,,,59.730550050735474,59.76864433288574,0.982454018644495,19.167416534515052,3.1
6,5,21000,0.1,,,60.08997416496277,59.34841227531433,0.947124968505921,19.368384831406015,3.1
6,5,26000,0.01,,,94.42072415351868,95.03182888031006,0.9822474747474748,18.60123287323001,3.1
6,5,26000,0.1,,,108.3041160106659,99.42740893363953,0.9572808842866536,18.818012096305733,3.1
6,8,1000,0.01,,,0.1582787036895752,0.10219454765319824,0.9381818181818182,176.34970197207684,2.7
6,8,1000,0.1,,,0.16120600700378418,0.10275506973266602,0.6218111111111112,172.65141504286512,2.7
6,8,6000,0.01,,,4.244790077209473,4.254005193710327,0.8755162738496072,181.78429785294043,2.9000000000000004
6,8,6000,0.1,,,4.29921817779541,4.30148458480835,0.7245188271604939,183.5057192039177,2.9000000000000004
6,8,11000,0.01,,,16.05463457107544,16.0769624710083,0.874804240754654,181.95865369788342,3.1
6,8,11000,0.1,,,15.997578144073486,15.94158387184143,0.7702917355371901,181.54730051364507,3.1
6,8,16000,0.01,,,35.89004993438721,36.010974645614624,0.9109201388888888,177.20864286447005,3.1
6,8,16000,0.1,,,35.73649334907532,35.60064721107483,0.7850020833333332,180.3769911896193,3.1
6,8,21000,0.01,,,65.44494318962097,64.65895056724548,0.9154646235598616,181.00903303080545,3.1
6,8,21000,0.1,,,64.81158542633057,64.82625985145569,0.807076921138826,181.3919934773978,3.1
6,8,26000,0.01,,,101.60025548934937,101.26173996925354,0.9322978303747536,181.47057682101538,3.1
6,8,26000,0.1,,,102.03743433952332,100.97032380104065,0.8232298159105851,179.75467574178987,3.1
7,1,1000,0.01,,,0.1490037441253662,0.09730195999145508,0.991111111111111,0.22960632832375927,2.7
7,1,1000,0.1,,,0.14194059371948242,0.10876703262329102,0.9928444444444444,0.25868975633274843,2.7
7,1,6000,0.01,,,3.5704846382141113,3.533342123031616,0.9936391694725029,0.10140277714176119,2.9000000000000004
7,1,6000,0.1,,,3.6788063049316406,3.6219305992126465,0.9954496913580247,0.14583256931219707,2.9000000000000004
7,1,11000,0.01,,,12.28165578842163,12.33320426940918,0.9925052174638952,0.08668189813358379,3.1
7,1,11000,0.1,,,12.417890787124634,12.375154256820679,0.9965161616161615,0.08431849006126797,3.1
7,1,16000,0.01,,,28.42918586730957,28.28790807723999,0.9934623579545455,0.08876101852366293,3.1
7,1,16000,0.1,,,28.398143529891968,28.43515634536743,0.9978618055555556,0.0877217461624069,3.1
7,1,21000,0.01,,,48.657960176467896,48.382763385772705,0.9940472754758469,0.08604831828688286,3.1
7,1,21000,0.1,,,48.22360372543335,48.01956605911255,0.9971818090199042,0.07028986718638731,3.1
7,1,26000,0.01,,,76.67882370948792,76.91057753562927,0.9945248341402187,0.06360634557415847,3.1
7,1,26000,0.1,,,77.69556760787964,76.74235391616821,0.9983285338593031,0.05857736934310685,3.1
7,2,1000,0.01,,,0.1538379192352295,0.10169577598571777,0.9822222222222222,1.4985781053191696,2.7
7,2,1000,0.1,,,0.15008950233459473,0.10907888412475586,0.9757222222222222,1.3953669120354137,2.7
7,2,6000,0.01,,,3.8686163425445557,3.8581690788269043,0.9904236812570146,0.8293320354604742,2.9000000000000004
7,2,6000,0.1,,,3.954148054122925,3.903700590133667,0.9822358024691358,0.8243511658319735,2.9000000000000004
7,2,11000,0.01,,,13.645992279052734,13.608810186386108,0.9935879455714167,0.6937555451436356,3.1
7,2,11000,0.1,,,13.657124996185303,13.605523109436035,0.9842352617079889,0.7086017623535166,3.1
7,2,16000,0.01,,,30.026450872421265,29.96902871131897,0.9926085069444445,0.6194957552208883,3.1
7,2,16000,0.1,,,30.000786781311035,29.95090651512146,0.9870765190972223,0.5995743939335936,3.1
7,2,21000,0.01,,,52.74621653556824,52.148688316345215,0.9941361460409079,0.5488817165749712,3.1
7,2,21000,0.1,,,52.70825505256653,52.14649724960327,0.9890280423280423,0.5546756253985585,3.1
7,2,26000,0.01,,,82.891854763031,83.29130601882935,0.995179905564521,0.49883508483246175,3.1
7,2,26000,0.1,,,83.7505214214325,83.45403051376343,0.9903936226166996,0.48236326279932046,3.1
7,5,1000,0.01,,,0.1559600830078125,0.10154485702514648,0.9246464646464646,23.28055213793613,2.7
7,5,1000,0.1,,,0.12630224227905273,0.11216115951538086,0.7581777777777778,23.65728725883353,2.7
7,5,6000,0.01,,,4.120980739593506,4.106649160385132,0.9728843995510662,22.794387544886266,2.9000000000000004
7,5,6000,0.1,,,4.170468330383301,4.135129451751709,0.8978070987654321,22.195342205468894,2.9000000000000004
7,5,11000,0.01,,,14.800619840621948,14.76372241973877,0.9809291259704483,21.00944477304902,3.1
7,5,11000,0.1,,,14.764244794845581,14.767961263656616,0.9295719008264463,21.096264841138375,3.1
7,5,16000,0.01,,,32.70334315299988,32.533026456832886,0.9816761363636363,20.050215373548763,3.1
7,5,16000,0.1,,,33.00339722633362,32.83293604850769,0.9477308593749999,19.964324085674686,3.1
7,5,21000,0.01,,,60.571972370147705,60.37047863006592,0.9815815753910992,19.34739761528748,3.1
7,5,21000,0.1,,,74.04274773597717,68.7118182182312,0.949665482489292,19.24642101326186,3.1
7,5,26000,0.01,,,118.35011553764343,121.1566469669342,0.9832735640427948,18.731232384139304,3.1
7,5,26000,0.1,,,95.90307378768921,95.7268385887146,0.9565901545036162,18.742702258950438,3.1
7,8,1000,0.01,,,0.15967464447021484,0.10331034660339355,0.854848484848485,178.20920178442395,2.7
7,8,1000,0.1,,,0.15976428985595703,0.10371589660644531,0.6327222222222222,184.76436107694005,2.7
7,8,6000,0.01,,,4.429947376251221,4.384648084640503,0.8682267115600449,177.7476906489026,2.9000000000000004
7,8,6000,0.1,,,4.299461603164673,4.2780115604400635,0.7531314814814816,184.40419878649595,2.9000000000000004
7,8,11000,0.01,,,16.129547357559204,16.178876399993896,0.8737273562066951,183.05687325252157,3.1
7,8,11000,0.1,,,16.05073571205139,16.00651240348816,0.7681240587695134,174.27355131220793,3.1
7,8,16000,0.01,,,43.152819871902466,41.348432779312134,0.9197170928030303,178.7472727472557,3.1
7,8,16000,0.1,,,40.64783692359924,42.75150394439697,0.7860452690972223,178.86575145275006,3.1
7,8,21000,0.01,,,84.19535827636719,83.53744125366211,0.9093641631736871,180.3051656293398,3.1
7,8,21000,0.1,,,77.25009202957153,69.45861983299255,0.8053474930713025,178.22176250893523,3.1
7,8,26000,0.01,,,145.9357626438141,124.73609781265259,0.9167479529017991,179.37308397131815,3.1
7,8,26000,0.1,,,163.16711616516113,140.57167792320251,0.8265503616042077,179.76751552484697,3.1
8,1,1000,0.01,,,0.14573359489440918,0.09027385711669922,0.9952525252525253,0.19325959947440577,2.7
8,1,1000,0.1,,,0.14116764068603516,0.11103343963623047,0.9755333333333334,0.19331218586400534,2.7
8,1,6000,0.01,,,3.663464069366455,3.63485050201416,0.9917255892255892,0.12226666642862741,2.9000000000000004
8,1,6000,0.1,,,3.6838343143463135,3.655942916870117,0.9941993827160495,0.1360656048939524,2.9000000000000004
8,1,11000,0.01,,,12.308143854141235,12.289954662322998,0.9922013523666416,0.11088545236618097,3.1
8,1,11000,0.1,,,12.378544569015503,12.356945753097534,0.9968249770431589,0.1078485690942703,3.1
8,1,16000,0.01,,,28.064664840698242,28.0323965549469,0.9958692392676768,0.08844357181592158,3.1
8,1,16000,0.1,,,28.209694862365723,28.357239484786987,0.995977734375,0.08645355473094256,3.1
8,1,21000,0.01,,,48.30773997306824,48.74734592437744,0.9948260381593714,0.07036097823034365,3.1
8,1,21000,0.1,,,48.222447872161865,48.433326959609985,0.9981291509196272,0.07210736980734722,3.1
8,1,26000,0.01,,,78.31870985031128,79.15250372886658,0.9936140995756381,0.06819718950236071,3.1
8,1,26000,0.1,,,89.31140160560608,91.70200395584106,0.9978487343852729,0.06546945603461211,3.1
8,2,1000,0.01,,,0.1431589126586914,0.12183642387390137,0.9890909090909091,1.4070372123578547,2.7
8,2,1000,0.1,,,0.15392088890075684,0.11471343040466309,0.9378444444444445,1.5425859145807348,2.7
8,2,6000,0.01,,,4.4327263832092285,4.460715055465698,0.9918855218855219,0.8284078082702129,2.9000000000000004
8,2,6000,0.1,,,4.275357246398926,4.22487735748291,0.9796064814814814,0.8291243281174904,2.9000000000000004
8,2,11000,0.01,,,16.95538830757141,15.874526023864746,0.9918064946990567,0.7044051330345887,3.1
8,2,11000,0.1,,,16.021868228912354,14.57118272781372,0.9853124885215795,0.6814284855375302,3.1
8,2,16000,0.01,,,37.41332936286926,35.82857656478882,0.9932820391414141,0.6030230975964223,3.1
8,2,16000,0.1,,,30.35972285270691,29.965165376663208,0.9873733940972222,0.6020169529707174,3.1
8,2,21000,0.01,,,80.22442531585693,69.24245882034302,0.9942266199409057,0.5553968361770304,3.1
8,2,21000,0.1,,,52.33110427856445,52.86205720901489,0.9875563869992441,0.5408563012904739,3.1
8,2,26000,0.01,,,118.78060412406921,113.18065881729126,0.9947340266571035,0.49421755046791266,3.1
8,2,26000,0.1,,,91.44694828987122,95.13021278381348,0.9895361111111111,0.49074389278191227,3.1
8,5,1000,0.01,,,0.13030385971069336,0.10481810569763184,0.8944444444444444,24.867779461674008,2.7
8,5,1000,0.1,,,0.15953564643859863,0.10980916023254395,0.7510222222222223,24.576645850351717,2.7
8,5,6000,0.01,,,4.307772636413574,4.339850187301636,0.9757996632996633,22.187337943459415,2.9000000000000004
8,5,6000,0.1,,,4.474494457244873,4.5301268100738525,0.8955669753086419,21.776609409314062,2.9000000000000004
8,5,11000,0.01,,,15.47401475906372,15.561832904815674,0.9830069287920526,21.13012967969653,3.1
8,5,11000,0.1,,,15.947548151016235,15.67489218711853,0.9273849403122131,21.09050221143339,3.1
8,5,16000,0.01,,,39.9295334815979,40.48044037818909,0.9805054450757575,19.865844043021564,3.1
8,5,16000,0.1,,,41.47070121765137,40.890451431274414,0.9442022569444444,20.252438173592836,3.1
8,5,21000,0.01,,,84.4872076511383,82.47211503982544,0.9806108706108707,19.290339416376096,3.1
8,5,21000,0.1,,,59.5886390209198,59.60729193687439,0.9510062736205593,19.58522462219908,3.1
8,5,26000,0.01,,,100.64966630935669,100.50723123550415,0.9828911900065747,18.84179461556222,3.1
8,5,26000,0.1,,,100.08391094207764,99.7433910369873,0.9564501150558843,18.615971594556772,3.1
8,8,1000,0.01,,,0.10716867446899414,0.10563421249389648,0.8092929292929293,186.9435377986413,2.7
8,8,1000,0.1,,,0.16118407249450684,0.10450553894042969,0.6553222222222221,189.31617847189884,2.7
8,8,6000,0.01,,,4.37740421295166,4.361356019973755,0.8141217732884399,183.34015624023345,2.9000000000000004
8,8,6000,0.1,,,4.544931650161743,4.592513799667358,0.7302265432098766,182.04849384179386,2.9000000000000004
8,8,11000,0.01,,,16.973612308502197,16.717987537384033,0.8905492945988814,185.3781612461156,3.1
8,8,11000,0.1,,,16.05195450782776,16.04025936126709,0.772787419651056,177.9522696983658,3.1
8,8,16000,0.01,,,35.91608381271362,35.688132524490356,0.910954861111111,180.82377091190003,3.1
8,8,16000,0.1,,,35.82169318199158,35.608858823776245,0.7885911024305555,180.83169398506186,3.1
8,8,21000,0.01,,,65.31235241889954,64.67748260498047,0.9151973247211342,182.66569229503955,3.1
8,8,21000,0.1,,,66.09427070617676,65.6820809841156,0.8048960695389267,179.03717689458688,3.1
8,8,26000,0.01,,,107.21773838996887,106.77781295776367,0.9431846572231188,181.22721325863432,3.1
8,8,26000,0.1,,,113.47279477119446,111.5927505493164,0.8198464990138067,180.90400769420373,3.1
9,1,1000,0.01,,,0.13869762420654297,0.09167814254760742,1.0,0.2560690164053917,2.7
9,1,1000,0.1,,,0.14537882804870605,0.10818648338317871,0.9908888888888889,0.2431252151321969,2.7
9,1,6000,0.01,,,3.641399383544922,3.5964508056640625,0.9893911335578002,0.12109098458059278,2.9000000000000004
9,1,6000,0.1,,,3.752704620361328,3.6968460083007812,0.9952203703703704,0.10333084021137505,2.9000000000000004
9,1,11000,0.01,,,12.242620468139648,12.276466131210327,0.9932047750229569,0.1204720703711394,3.1
9,1,11000,0.1,,,12.556101083755493,12.545167922973633,0.9970635445362718,0.11480448908693114,3.1
9,1,16000,0.01,,,28.171928882598877,29.245197772979736,0.991785827020202,0.08434099584351229,3.1
9,1,16000,0.1,,,28.364251136779785,28.296729803085327,0.9980223090277777,0.08165648065675475,3.1
9,1,21000,0.01,,,48.22141718864441,47.99841856956482,0.9947083075654504,0.0764012518882883,3.1
9,1,21000,0.1,,,48.252615213394165,48.18343234062195,0.9971492063492062,0.08195649430399635,3.1
9,1,26000,0.01,,,82.04539608955383,82.91591882705688,0.9940345765345766,0.06566803281010904,3.1
9,1,26000,0.1,,,76.82559561729431,76.63936972618103,0.998000328731098,0.0731286055779082,3.1
9,2,1000,0.01,,,0.15156865119934082,0.10326957702636719,0.987979797979798,1.4427384267631647,2.7
9,2,1000,0.1,,,0.12042975425720215,0.11878228187561035,0.9584222222222222,1.4805064458291404,2.7
9,2,6000,0.01,,,3.987156629562378,3.908337354660034,0.9908613916947251,0.8251657290770502,2.9000000000000004
9,2,6000,0.1,,,3.9547555446624756,3.89935302734375,0.977845061728395,0.8199055497555783,2.9000000000000004
9,2,11000,0.01,,,13.624589681625366,13.581602096557617,0.9918307037315301,0.7077002691918028,3.1
9,2,11000,0.1,,,13.588810682296753,13.546803951263428,0.9848853076216713,0.7046620503797923,3.1
9,2,16000,0.01,,,29.96268582344055,29.797896146774292,0.9938091856060607,0.6240291202844583,3.1
9,2,16000,0.1,,,29.824525117874146,29.989466190338135,0.9862721788194444,0.6051816463811297,3.1
9,2,21000,0.01,,,51.920820236206055,52.364896297454834,0.9944767401910259,0.5534128233751272,3.1
9,2,21000,0.1,,,52.002912759780884,52.392690896987915,0.9887043083900228,0.5441356326932292,3.1
9,2,26000,0.01,,,82.24053859710693,82.77837920188904,0.9938431653816269,0.5019941264373475,3.1
9,2,26000,0.1,,,83.20061707496643,83.08460092544556,0.9895824128862591,0.518257358381986,3.1
9,5,1000,0.01,,,0.15593409538269043,0.09844207763671875,0.9121212121212121,24.540109541044536,2.7
9,5,1000,0.1,,,0.12591218948364258,0.11942362785339355,0.7092777777777777,23.238065894924336,2.7
9,5,6000,0.01,,,4.15945291519165,4.111103773117065,0.9650673400673401,22.018746062198225,2.9000000000000004
9,5,6000,0.1,,,4.196631193161011,4.149213552474976,0.8856018518518518,21.883494004061543,2.9000000000000004
9,5,11000,0.01,,,14.618321418762207,14.63754391670227,0.9796159946573171,20.812435773778436,3.1
9,5,11000,0.1,,,14.672629356384277,14.621789693832397,0.9222159779614324,20.520589761557677,3.1
9,5,16000,0.01,,,32.36658835411072,32.40588569641113,0.9796354166666666,19.984750064332847,3.1
9,5,16000,0.1,,,40.4239501953125,39.75756549835205,0.9394918402777779,19.99021352987528,3.1
9,5,21000,0.01,,,65.38661408424377,64.67875790596008,0.983666139856616,19.221696478892145,3.1
9,5,21000,0.1,,,67.85911726951599,67.10498666763306,0.9511359536407155,19.50287110960928,3.1
9,5,26000,0.01,,,141.37023735046387,151.93474054336548,0.9857066224373916,18.83056261048154,3.1
9,5,26000,0.1,,,136.396963596344,135.24356818199158,0.9546830210387902,18.604103116550373,3.1
9,8,1000,0.01,,,0.14853453636169434,0.10518765449523926,0.8581818181818182,198.78924409905355,2.7
9,8,1000,0.1,,,0.16047883033752441,0.10277152061462402,0.6392777777777778,181.6313253577603,2.7
9,8,6000,0.01,,,4.349674463272095,4.3050618171691895,0.8076290684624018,185.45733477884718,2.9000000000000004
9,8,6000,0.1,,,4.349092483520508,4.330395460128784,0.7328509259259259,183.92139378101953,2.9000000000000004
9,8,11000,0.01,,,16.035474061965942,15.976511716842651,0.8742190500041739,176.5496846529179,3.1
9,8,11000,0.1,,,16.036864757537842,15.920225858688354,0.7694549127640038,180.98766780910074,3.1
9,8,16000,0.01,,,35.63434839248657,35.400370359420776,0.908649384469697,178.53713453742606,3.1
9,8,16000,0.1,,,35.15320873260498,35.49419975280762,0.7877858506944444,180.95381279790314,3.1
9,8,21000,0.01,,,65.14160776138306,64.31933641433716,0.924651961794819,179.82046034318304,3.1
9,8,21000,0.1,,,65.08977723121643,64.825350522995,0.8087507180650039,182.5379907983524,3.1
9,8,26000,0.01,,,103.55735683441162,102.59507536888123,0.9405243261012493,179.33880878716846,3.1
9,8,26000,0.1,,,102.80412101745605,102.65434980392456,0.8127454470742932,176.62292853682112,3.1
10,1,1000,0.01,,,0.11171150207519531,0.12543845176696777,0.9915151515151515,0.257196649745677,2.7
10,1,1000,0.1,,,0.14699411392211914,0.11159420013427734,0.9915777777777777,0.3282536839341767,2.7
10,1,6000,0.01,,,4.158528804779053,4.224586009979248,0.9919276094276095,0.13062539865118783,2.9000000000000004
10,1,6000,0.1,,,4.168123483657837,4.207753896713257,0.9972225308641975,0.16613667756401493,2.9000000000000004
10,1,11000,0.01,,,13.810338973999023,13.896993398666382,0.9918891393271558,0.10784969848380166,3.1
10,1,11000,0.1,,,14.486934900283813,14.163088083267212,0.9976737373737374,0.1238353072606092,3.1
10,1,16000,0.01,,,37.90701913833618,36.054240226745605,0.9933621369949496,0.09425517712633909,3.1
10,1,16000,0.1,,,29.81213665008545,32.76437473297119,0.9970292534722223,0.06368262414300847,3.1
10,1,21000,0.01,,,67.012122631073,62.8628044128418,0.9935974255021874,0.06453294955459841,3.1
10,1,21000,0.1,,,52.11416006088257,51.22284984588623,0.9975315192743764,0.08372499947199936,3.1
10,1,26000,0.01,,,89.99485802650452,82.36634612083435,0.995955262686032,0.0670339589815057,3.1
10,1,26000,0.1,,,80.84790706634521,84.96089768409729,0.9977810157790926,0.0627502789281922,3.1
10,2,1000,0.01,,,0.14929866790771484,0.09605669975280762,0.9924242424242424,1.4421905971528461,2.7
10,2,1000,0.1,,,0.11841201782226562,0.11211943626403809,0.9551666666666667,1.4877776980388089,2.7
10,2,6000,0.01,,,3.9240028858184814,3.8869452476501465,0.9931930415263749,0.8198135316946853,2.9000000000000004
10,2,6000,0.1,,,3.928325653076172,3.870433807373047,0.9829703703703704,0.8206014729092735,2.9000000000000004
10,2,11000,0.01,,,13.657234191894531,13.569864511489868,0.99341013440187,0.699873676543291,3.1
10,2,11000,0.1,,,13.528655290603638,13.546619415283203,0.9872202938475665,0.6842312244544179,3.1
10,2,16000,0.01,,,29.867965698242188,29.83952760696411,0.9932469223484848,0.6010710644528195,3.1
10,2,16000,0.1,,,29.81594681739807,29.902916193008423,0.9872696614583333,0.6042701895781369,3.1
10,2,21000,0.01,,,52.17501401901245,52.09537386894226,0.9936695755743375,0.5141632520221725,3.1
10,2,21000,0.1,,,52.62105965614319,51.82600736618042,0.9882344419249182,0.5512364982316084,3.1
10,2,26000,0.01,,,83.75824022293091,83.2791097164154,0.993472147510609,0.5061818968420033,3.1
10,2,26000,0.1,,,95.73586010932922,97.51750087738037,0.9904724687705457,0.49715655959751,3.1
10,5,1000,0.01,,,0.1481640338897705,0.1098175048828125,0.876969696969697,23.20579757006609,2.7
10,5,1000,0.1,,,0.15934967994689941,0.10658001899719238,0.7597777777777778,24.05985162783161,2.7
10,5,6000,0.01,,,4.334240436553955,4.400444746017456,0.9565207631874298,21.721367027206483,2.9000000000000004
10,5,6000,0.1,,,4.245500802993774,4.213391304016113,0.8959574074074075,21.944246087306276,2.9000000000000004
10,5,11000,0.01,,,15.825069427490234,16.00287175178528,0.9805801819851406,21.036321915068676,3.1
10,5,11000,0.1,,,16.904789924621582,15.146244049072266,0.9313795224977044,20.52472092258667,3.1
10,5,16000,0.01,,,34.6140878200531,36.029825925827026,0.9811631944444446,20.178438706558072,3.1
10,5,16000,0.1,,,43.503721475601196,42.47560358047485,0.9389544270833332,20.065336276682544,3.1
10,5,21000,0.01,,,90.79972004890442,87.92469477653503,0.9834437343961153,19.120243199072917,3.1
10,5,21000,0.1,,,68.58678197860718,73.0525963306427,0.9513738725119677,19.2562999514431,3.1
10,5,26000,0.01,,,133.48354148864746,124.07503056526184,0.9857456218994681,18.656276687969513,3.1
10,5,26000,0.1,,,98.55944967269897,98.71524429321289,0.9575170775805393,18.64182584422967,3.1
10,8,1000,0.01,,,0.12487411499023438,0.13334965705871582,0.9346464646464647,177.11052152904844,2.7
10,8,1000,0.1,,,0.16051197052001953,0.10648727416992188,0.7192444444444445,193.58659289393663,2.7
10,8,6000,0.01,,,4.46627950668335,4.442797422409058,0.8162934904601572,177.50519333482836,2.9000000000000004
10,8,6000,0.1,,,4.9095213413238525,4.804724931716919,0.7504240740740741,181.36931406364687,2.9000000000000004
10,8,11000,0.01,,,18.193057537078857,18.337069749832153,0.9091560230403205,180.20146604118335,3.1
10,8,11000,0.1,,,19.235443353652954,18.50353479385376,0.7676438016528926,178.35124995369287,3.1
10,8,16000,0.01,,,43.060707569122314,41.07049345970154,0.9212930082070707,182.50984224377103,3.1
10,8,16000,0.1,,,39.85850977897644,40.5108597278595,0.7865078559027776,182.3525775403616,3.1
10,8,21000,0.01,,,85.93164324760437,75.00775814056396,0.9264392221535078,178.9635976614943,3.1
10,8,21000,0.1,,,81.02880215644836,86.68310880661011,0.808687150415722,178.27635877336814,3.1
10,8,26000,0.01,,,126.31859493255615,121.9110701084137,0.9407616101846871,178.47287230399442,3.1
10,8,26000,0.1,,,113.85699367523193,130.461980342865,0.8231372781065089,178.25052855171046,3.1
11,1,1000,0.01,,,0.1083078384399414,0.11325502395629883,0.9963636363636363,0.2323465312006874,2.7
11,1,1000,0.1,,,0.11352348327636719,0.1096193790435791,0.9964,0.25796755835837,2.7
11,1,6000,0.01,,,3.8246569633483887,3.641688346862793,0.9891919191919192,0.12228289309948501,2.9000000000000004
11,1,6000,0.1,,,3.699103593826294,3.6456828117370605,0.9964719135802469,0.14684278542294293,2.9000000000000004
11,1,11000,0.01,,,12.32652735710144,12.318378686904907,0.993514483679773,0.11200420688332977,3.1
11,1,11000,0.1,,,12.418480634689331,12.366780757904053,0.9966567493112949,0.09959156604389467,3.1
11,1,16000,0.01,,,28.334638833999634,28.28391718864441,0.9930381944444444,0.07811703236788693,3.1
11,1,16000,0.1,,,28.240010738372803,28.164593935012817,0.9970938802083333,0.09292617183231049,3.1
11,1,21000,0.01,,,48.1513774394989,47.812621116638184,0.9937518037518037,0.06749371890345059,3.1
11,1,21000,0.1,,,48.01615238189697,47.87493944168091,0.9983775510204081,0.08968528971812892,3.1
11,1,26000,0.01,,,88.03043174743652,88.9475257396698,0.9950110573187496,0.06302627740226552,3.1
11,1,26000,0.1,,,78.53107070922852,78.05993151664734,0.9978118178829718,0.06523304127983744,3.1
11,2,1000,0.01,,,0.15199780464172363,0.09748315811157227,0.9873737373737375,1.4884377494962135,2.7
11,2,1000,0.1,,,0.12251663208007812,0.13451576232910156,0.9725666666666666,1.4154317872911693,2.7
11,2,6000,0.01,,,3.9192323684692383,3.890489339828491,0.9905246913580247,0.8492752065094843,2.9000000000000004
11,2,6000,0.1,,,3.997915744781494,3.9348270893096924,0.9830808641975309,0.8363152110887483,2.9000000000000004
11,2,11000,0.01,,,13.793436527252197,13.715097427368164,0.9918524083813339,0.6861123288708066,3.1
11,2,11000,0.1,,,13.623973608016968,13.59683609008789,0.9874082644628098,0.675395652527462,3.1
11,2,16000,0.01,,,29.87780499458313,29.947580814361572,0.9926061395202019,0.5889279080762083,3.1
11,2,16000,0.1,,,30.162396669387817,30.06436777114868,0.9889903645833332,0.6150896618582281,3.1
11,2,21000,0.01,,,53.26446604728699,52.47219753265381,0.9934730525206716,0.5519857387683981,3.1
11,2,21000,0.1,,,52.81167912483215,52.224648237228394,0.9894709750566895,0.5488547658749694,3.1
11,2,26000,0.01,,,88.82451510429382,88.80424904823303,0.9942197119120196,0.45343478004697624,3.1
11,2,26000,0.1,,,84.61674380302429,84.32931447029114,0.9908295200525968,0.49031238820574885,3.1
11,5,1000,0.01,,,0.15378093719482422,0.09964704513549805,0.7654545454545454,23.10017615539708,2.7
11,5,1000,0.1,,,0.15390944480895996,0.10678529739379883,0.7747888888888889,23.130406155287808,2.7
11,5,6000,0.01,,,4.149357557296753,4.118492841720581,0.9466863075196409,21.877847184377966,2.9000000000000004
11,5,6000,0.1,,,4.206028461456299,4.161811351776123,0.8877706790123456,21.250658448894846,2.9000000000000004
11,5,11000,0.01,,,14.727561473846436,14.634691953659058,0.9732415059687788,21.045245106375646,3.1
11,5,11000,0.1,,,14.73335075378418,14.679498672485352,0.9318602387511479,21.133782665615268,3.1
11,5,16000,0.01,,,32.487796783447266,33.20069241523743,0.9817211174242424,19.98221216538787,3.1
11,5,16000,0.1,,,32.83743596076965,32.59760904312134,0.94359921875,20.055547193293794,3.1
11,5,21000,0.01,,,60.01619815826416,59.318726778030396,0.9836194140956046,18.869723966272023,3.1
11,5,21000,0.1,,,59.4737274646759,59.36775064468384,0.9507612244897958,19.085929840749536,3.1
11,5,26000,0.01,,,97.53908610343933,97.50142908096313,0.9857976211822366,18.67943336129586,3.1
11,5,26000,0.1,,,95.38935017585754,95.17538690567017,0.9552965318869164,18.816745691298976,3.1
11,8,1000,0.01,,,0.1539449691772461,0.10457921028137207,0.7442424242424243,175.78410647595487,2.7
11,8,1000,0.1,,,0.1625986099243164,0.10600733757019043,0.618388888888889,182.8301618921287,2.7
11,8,6000,0.01,,,4.324173927307129,4.332275867462158,0.9106200897867565,188.8608162438865,2.9000000000000004
11,8,6000,0.1,,,4.347933530807495,4.33088231086731,0.736229938271605,184.57200197985946,2.9000000000000004
11,8,11000,0.01,,,15.894236326217651,15.89675235748291,0.9048701894982887,177.73635103820828,3.1
11,8,11000,0.1,,,16.107767343521118,16.100813627243042,0.7688812672176308,179.14291614141897,3.1
11,8,16000,0.01,,,35.8486545085907,35.73641562461853,0.9062377683080808,177.78913124971308,3.1
11,8,16000,0.1,,,35.78038930892944,35.5582799911499,0.7967433159722221,181.91891364638857,3.1
11,8,21000,0.01,,,64.83659982681274,64.23261022567749,0.9227540713254998,182.31973916682267,3.1
11,8,21000,0.1,,,64.84169912338257,64.69009280204773,0.8039301587301587,176.0830000877075,3.1
11,8,26000,0.01,,,101.8707287311554,102.77200222015381,0.9373499790807482,178.57506775684487,3.1
11,8,26000,0.1,,,102.11368584632874,100.78506875038147,0.8240956771860618,174.24678391964247,3.1
12,1,1000,0.01,,,0.14668798446655273,0.0991508960723877,0.9802020202020202,0.2540456515090597,2.7
12,1,1000,0.1,,,0.11696434020996094,0.11211943626403809,0.9908888888888889,0.26083793405419664,2.7
12,1,6000,0.01,,,3.711232900619507,3.6595771312713623,0.9923092031425365,0.15347431766129654,2.9000000000000004
12,1,6000,0.1,,,3.670714855194092,3.646657705307007,0.9963114197530863,0.1442259214582495,2.9000000000000004
12,1,11000,0.01,,,12.354117393493652,12.331936120986938,0.9921546038901411,0.11061774225499849,3.1
12,1,11000,0.1,,,12.425055742263794,12.374890565872192,0.9970216712580349,0.10179107537327478,3.1
12,1,16000,0.01,,,28.34241771697998,28.30483651161194,0.9942238794191919,0.073405434018964,3.1
12,1,16000,0.1,,,28.62920379638672,28.27702832221985,0.9970349826388889,0.09001001161405953,3.1
12,1,21000,0.01,,,48.579062700271606,48.214070320129395,0.9955773151011247,0.08033819222828294,3.1
12,1,21000,0.1,,,48.222095251083374,48.100356101989746,0.9977895187704712,0.06628570418586491,3.1
12,1,26000,0.01,,,105.65396189689636,102.22995376586914,0.994711314326699,0.08510214941301604,3.1
12,1,26000,0.1,,,79.96597385406494,80.13058829307556,0.998266272189349,0.06003106019640226,3.1
12,2,1000,0.01,,,0.11714911460876465,0.11490345001220703,0.9984848484848485,1.479677126243334,2.7
12,2,1000,0.1,,,0.15740704536437988,0.13987970352172852,0.9632000000000001,1.456127760091602,2.7
12,2,6000,0.01,,,4.112032651901245,4.309066534042358,0.9925701459034793,0.8229789308301454,2.9000000000000004
12,2,6000,0.1,,,4.611929416656494,4.660611629486084,0.983738888888889,0.8480276373406105,2.9000000000000004
12,2,11000,0.01,,,13.926591873168945,15.856970071792603,0.99190833959429,0.6784453766151882,3.1
12,2,11000,0.1,,,15.85019063949585,16.062569856643677,0.9839915518824608,0.6961781742478017,3.1
12,2,16000,0.01,,,36.383963108062744,34.88556408882141,0.9921283143939394,0.5988559431544083,3.1
12,2,16000,0.1,,,33.95718455314636,33.2199273109436,0.9886544270833333,0.6120074804155088,3.1
12,2,21000,0.01,,,77.98972773551941,74.89059472084045,0.9938454843216747,0.5213763667853959,3.1
12,2,21000,0.1,,,72.3994574546814,68.33028984069824,0.9887615520282187,0.5368998174585289,3.1
12,2,26000,0.01,,,107.34252786636353,116.72712874412537,0.9931676229753152,0.488310605338888,3.1
12,2,26000,0.1,,,87.65666699409485,87.18349838256836,0.9899659105851415,0.48439604356977445,3.1
12,5,1000,0.01,,,0.11719298362731934,0.09973382949829102,0.9068686868686869,24.154731923651692,2.7
12,5,1000,0.1,,,0.15589094161987305,0.11048245429992676,0.6980666666666667,24.603934046927645,2.7
12,5,6000,0.01,,,4.183185815811157,4.160562038421631,0.9648933782267115,21.71174642332521,2.9000000000000004
12,5,6000,0.1,,,4.192428112030029,4.165209054946899,0.9003333333333334,22.534832888890428,2.9000000000000004
12,5,11000,0.01,,,14.761824607849121,14.75571060180664,0.9783587945571417,21.016021771871383,3.1
12,5,11000,0.1,,,14.968065738677979,14.880348920822144,0.9285193755739211,20.64582690720802,3.1
12,5,16000,0.01,,,32.935895681381226,32.857046604156494,0.983794586489899,19.98764985005496,3.1
12,5,16000,0.1,,,33.344298124313354,32.98010730743408,0.940485720486111,19.703445794634526,3.1
12,5,21000,0.01,,,60.075780153274536,59.94252061843872,0.9831054307244783,18.947682570909944,3.1
12,5,21000,0.1,,,60.264568567276,59.77268743515015,0.9503867472915092,19.076417057721336,3.1
12,5,26000,0.01,,,103.09858465194702,115.55871105194092,0.9873106807722192,18.746909830824602,3.1
12,5,26000,0.1,,,111.85898685455322,109.30354309082031,0.9587529585798816,18.772061015612557,3.1
12,8,1000,0.01,,,0.13405728340148926,0.12141847610473633,0.9296969696969697,188.05746296353158,2.7
12,8,1000,0.1,,,0.16594958305358887,0.10791587829589844,0.6568222222222223,188.1226665897647,2.7
12,8,6000,0.01,,,4.5075154304504395,4.665102243423462,0.861242985409652,184.75300568862562,2.9000000000000004
12,8,6000,0.1,,,4.474937677383423,4.500489711761475,0.7264447530864198,182.82075175451868,2.9000000000000004
12,8,11000,0.01,,,16.482965230941772,18.619285583496094,0.8599373904332582,182.22018743653732,3.1
12,8,11000,0.1,,,19.966951608657837,16.47671604156494,0.7677539944903582,179.76801086926795,3.1
12,8,16000,0.01,,,43.01895236968994,44.0672333240509,0.920190183080808,177.35707567514802,3.1
12,8,16000,0.1,,,36.06600618362427,36.45811748504639,0.802671484375,180.17194697926908,3.1
12,8,21000,0.01,,,69.43125009536743,68.34149861335754,0.9277793811127144,180.1621540302205,3.1
12,8,21000,0.1,,,66.57832288742065,66.46014785766602,0.8158429579239104,176.78797072939483,3.1
12,8,26000,0.01,,,110.75827932357788,109.12726616859436,0.9312872810949735,183.32556677985139,3.1
12,8,26000,0.1,,,105.82753896713257,105.02102661132812,0.8298435733070348,177.30334499264308,3.1
13,1,1000,0.01,,,0.11460494995117188,0.08995294570922852,0.9876767676767677,0.27315158499901593,2.7
13,1,1000,0.1,,,0.11296772956848145,0.10830068588256836,0.9974000000000001,0.2861550674256947,2.7
13,1,6000,0.01,,,3.7383978366851807,3.6849663257598877,0.9934483726150393,0.13044673131184217,2.9000000000000004
13,1,6000,0.1,,,3.751093864440918,3.6969385147094727,0.9964114197530863,0.1463350873767117,2.9000000000000004
13,1,11000,0.01,,,12.453721046447754,12.422597169876099,0.9936939644377661,0.09390932957814938,3.1
13,1,11000,0.1,,,12.503237962722778,12.431981801986694,0.9978508723599633,0.09847237281636194,3.1
13,1,16000,0.01,,,28.511329650878906,28.473657846450806,0.9942846433080809,0.08486474590025564,3.1
13,1,16000,0.1,,,28.52851700782776,28.496315956115723,0.997854296875,0.08959528094633451,3.1
13,1,21000,0.01,,,48.356257915496826,48.70824837684631,0.9955983875031494,0.06846874516663401,3.1
13,1,21000,0.1,,,48.572936058044434,48.14628505706787,0.9973742000503906,0.07236947061062755,3.1
13,1,26000,0.01,,,79.19211220741272,80.0134928226471,0.9953115474269321,0.06669808831574552,3.1
13,1,26000,0.1,,,78.57508659362793,78.78731322288513,0.9981514135437212,0.07074909952752936,3.1
13,2,1000,0.01,,,0.15266776084899902,0.11166167259216309,0.9948484848484849,1.4337016587515758,2.7
13,2,1000,0.1,,,0.14902567863464355,0.11102652549743652,0.9739333333333333,1.470929914707253,2.7
13,2,6000,0.01,,,3.940786600112915,3.892238140106201,0.9940572390572391,0.8149183645928564,2.9000000000000004
13,2,6000,0.1,,,3.9568045139312744,3.913210391998291,0.9794154320987654,0.8229070625686501,2.9000000000000004
13,2,11000,0.01,,,13.659661054611206,13.642100811004639,0.9946122380833124,0.7073238312739624,3.1
13,2,11000,0.1,,,13.721696376800537,13.6576509475708,0.9846576675849402,0.6744159712101677,3.1
13,2,16000,0.01,,,30.008047103881836,30.24369478225708,0.9937898516414142,0.5829790927145805,3.1
13,2,16000,0.1,,,34.86736249923706,36.844462156295776,0.9875906684027778,0.6149257392833578,3.1
13,2,21000,0.01,,,65.80581283569336,65.3576283454895,0.9939792482649624,0.5670814109975766,3.1
13,2,21000,0.1,,,70.83565187454224,68.84193468093872,0.9894123708742758,0.5418208000875783,3.1
13,2,26000,0.01,,,111.60283827781677,117.20019578933716,0.9949358974358975,0.48673999501168974,3.1
13,2,26000,0.1,,,115.71246027946472,115.33989906311035,0.9904289447731756,0.5090620187637818,3.1
13,5,1000,0.01,,,0.1633009910583496,0.15095758438110352,0.8518181818181818,23.713300616763977,2.7
13,5,1000,0.1,,,0.16636180877685547,0.12027239799499512,0.7067888888888889,23.640973327658536,2.7
13,5,6000,0.01,,,4.5891807079315186,5.013291358947754,0.956125140291807,21.259808936040724,2.9000000000000004
13,5,6000,0.1,,,5.359327077865601,5.244473695755005,0.8932978395061728,21.746886877084858,2.9000000000000004
13,5,11000,0.01,,,18.164655685424805,20.80999255180359,0.975605643208949,20.844710220501206,3.1
13,5,11000,0.1,,,19.95652961730957,18.952247381210327,0.934285583103765,21.137126554986704,3.1
13,5,16000,0.01,,,42.371277809143066,46.53285026550293,0.9795849116161616,20.182256959651887,3.1
13,5,16000,0.1,,,44.864065647125244,43.30966830253601,0.9417129340277779,20.07119116205536,3.1
13,5,21000,0.01,,,69.50296807289124,71.12898898124695,0.9823914885819648,19.43951426897356,3.1
13,5,21000,0.1,,,59.9491183757782,59.72607111930847,0.9525048122952884,19.259744434836453,3.1
13,5,26000,0.01,,,102.01874446868896,100.22625684738159,0.9872686928456159,18.570620420564584,3.1
13,5,26000,0.1,,,111.644944190979,115.0143027305603,0.9570243425378042,18.61958275132873,3.1
13,8,1000,0.01,,,0.14979028701782227,0.12775397300720215,0.7094949494949495,183.1829369343783,2.7
13,8,1000,0.1,,,0.1645495891571045,0.11048007011413574,0.6751333333333333,181.04564911561337,2.7
13,8,6000,0.01,,,4.9096410274505615,4.742137908935547,0.8247558922558923,182.94502563973958,2.9000000000000004
13,8,6000,0.1,,,4.773493528366089,4.573698282241821,0.7352429012345679,175.04862394402556,2.9000000000000004
13,8,11000,0.01,,,16.051366090774536,16.713640928268433,0.8728950663661408,185.0546418863998,3.1
13,8,11000,0.1,,,17.30238699913025,17.037006855010986,0.7605067952249771,176.98886442437316,3.1
13,8,16000,0.01,,,46.51017379760742,39.26392364501953,0.9004884785353536,182.8486619756755,3.1
13,8,16000,0.1,,,34.89621710777283,35.057817459106445,0.7898851996527778,181.65835678210848,3.1
13,8,21000,0.01,,,72.25589394569397,67.05030584335327,0.9241139283996426,178.3833191047695,3.1
13,8,21000,0.1,,,63.36395215988159,63.7109751701355,0.8190414714033761,180.03498557189647,3.1
13,8,26000,0.01,,,131.0379433631897,109.86244487762451,0.9185109975494591,180.66704043224777,3.1
13,8,26000,0.1,,,99.69278526306152,99.34926509857178,0.8262336785009863,179.22246893986454,3.1
14,1,1000,0.01,,,0.14501166343688965,0.0985255241394043,0.998989898989899,0.233008440999577,2.7
14,1,1000,0.1,,,0.14178109169006348,0.1108393669128418,0.9980111111111111,0.26562053404729496,2.7
14,1,6000,0.01,,,3.6304619312286377,3.5887675285339355,0.9917620650953984,0.14299632102592205,2.9000000000000004
14,1,6000,0.1,,,3.6492056846618652,3.578356981277466,0.9949237654320987,0.1111327575068553,2.9000000000000004
14,1,11000,0.01,,,12.298600435256958,12.240522623062134,0.9919517488938976,0.11762613995757326,3.1
14,1,11000,0.1,,,12.383647918701172,12.316868305206299,0.9969549127640037,0.11707150545462669,3.1
