0,1,1000,0.01,,,1.1615850925445557,0.09571433067321777,0.996969696969697,0.20255486880132703,2.7
0,1,1000,0.05,,,0.11255002021789551,0.10829782485961914,0.9890105263157895,0.2952665338711284,2.7
0,1,1000,0.1,,,0.11211633682250977,0.10786151885986328,0.9894333333333334,0.24464807921579662,2.7
0,1,1000,0.5,,,0.1127934455871582,0.10982179641723633,0.998204,0.23384632057847943,2.7
0,1,3000,0.01,,,0.9114530086517334,0.8557255268096924,0.9940628507295174,0.19718361170042445,2.9000000000000004
0,1,3000,0.05,,,0.9155120849609375,0.8601438999176025,0.9932631578947368,0.15763885633060598,2.9000000000000004
0,1,3000,0.1,,,0.9067692756652832,0.8502380847930908,0.9941901234567901,0.16308722204994233,2.9000000000000004
0,1,3000,0.5,,,0.9117527008056641,0.8556287288665771,0.9977764444444445,0.18556448842154752,2.9000000000000004
0,1,5000,0.01,,,2.4422502517700195,2.4056642055511475,0.9885575757575757,0.13237306168240703,2.9000000000000004
0,1,5000,0.05,,,2.4367294311523438,2.3661115169525146,0.9885844210526316,0.12248018516320894,2.9000000000000004
0,1,5000,0.1,,,2.420156478881836,2.348048448562622,0.9976342222222223,0.15477652291263894,2.9000000000000004
0,1,5000,0.5,,,2.4090983867645264,2.34920072555542,0.9980425599999999,0.13354474313271417,2.9000000000000004
0,1,7500,0.01,,,5.612099885940552,5.57016921043396,0.9923878787878787,0.15059628000156508,2.9000000000000004
0,1,7500,0.05,,,5.65808892250061,5.602734804153442,0.9934880935672515,0.10702696788335722,2.9000000000000004
0,1,7500,0.1,,,5.617994546890259,5.570375919342041,0.9947152592592592,0.12826005682405242,2.9000000000000004
0,1,7500,0.5,,,5.591786861419678,5.551504850387573,0.9990290488888889,0.11473841482163098,2.9000000000000004
0,1,10000,0.01,,,9.739042520523071,9.678987264633179,0.9938787878787879,0.10806396444648088,3.1
0,1,10000,0.05,,,9.81782579421997,9.747204542160034,0.9934174736842105,0.11177633431430095,3.1
0,1,10000,0.1,,,9.74996280670166,9.722481966018677,0.9960634444444445,0.10971959955476857,3.1
0,1,10000,0.5,,,9.713211059570312,9.67712664604187,0.9991660800000001,0.11804696449792752,3.1
0,5,1000,0.01,,,0.12260937690734863,0.11109638214111328,0.8457575757575757,23.896997831715733,2.7
0,5,1000,0.05,,,0.12445235252380371,0.1174616813659668,0.7921473684210527,23.296822669311283,2.7
0,5,1000,0.1,,,0.12564587593078613,0.11818099021911621,0.7955666666666666,23.70549271723729,2.7
0,5,1000,0.5,,,0.15444087982177734,0.10936188697814941,0.657204,23.902484246572676,2.7
0,5,3000,0.01,,,1.0282113552093506,0.9532873630523682,0.9396857463524131,23.135401655639235,2.9000000000000004
0,5,3000,0.05,,,1.0078403949737549,0.9364633560180664,0.8669543859649123,23.955769286509458,2.9000000000000004
0,5,3000,0.1,,,1.0074405670166016,0.931434154510498,0.828779012345679,23.274494361625486,2.9000000000000004
0,5,3000,0.5,,,1.0033011436462402,0.9277801513671875,0.7043173333333334,23.014660609272006,2.9000000000000004
0,5,5000,0.01,,,2.7234182357788086,2.6696391105651855,0.9680888888888889,22.36269495387531,2.9000000000000004
0,5,5000,0.05,,,2.722900390625,2.666015863418579,0.9128564210526317,22.191304447356654,2.9000000000000004
0,5,5000,0.1,,,2.7253501415252686,2.676654100418091,0.8925817777777777,21.773480386183866,2.9000000000000004
0,5,5000,0.5,,,2.7352640628814697,2.679926633834839,0.7879361600000001,22.356713279137082,2.9000000000000004
0,5,7500,0.01,,,6.231456756591797,6.187947750091553,0.9647012345679012,21.094588174610337,2.9000000000000004
0,5,7500,0.05,,,6.2593138217926025,6.221004247665405,0.9256836491228071,21.536092037069952,2.9000000000000004
0,5,7500,0.1,,,6.251361846923828,6.203993797302246,0.904921086419753,21.481632910520723,2.9000000000000004
0,5,7500,0.5,,,6.274384260177612,6.237434148788452,0.8253486933333334,21.049014016314587,2.9000000000000004
0,5,10000,0.01,,,11.306588888168335,11.325087070465088,0.9750777777777778,21.3254705929905,3.1
0,5,10000,0.05,,,11.427478551864624,11.397655248641968,0.9432130526315788,21.108507065686126,3.1
0,5,10000,0.1,,,11.316974878311157,11.24946665763855,0.9103026666666667,20.94246600204791,3.1
0,5,10000,0.5,,,11.31899905204773,11.279567003250122,0.84527852,21.117844183071924,3.1
0,10,1000,0.01,,,0.16332197189331055,0.10193991661071777,0.7447474747474748,713.5953594988076,2.7
0,10,1000,0.05,,,0.13242435455322266,0.11898136138916016,0.7221263157894737,655.0601486069204,2.7
0,10,1000,0.1,,,0.1331467628479004,0.11844658851623535,0.6997666666666666,694.9899786752106,2.7
0,10,1000,0.5,,,0.13307952880859375,0.1191248893737793,0.593164,680.6396721076645,2.7
0,10,3000,0.01,,,1.1136491298675537,1.0726628303527832,0.7052076318742986,648.8356002749629,2.9000000000000004
0,10,3000,0.05,,,1.0540845394134521,0.9928171634674072,0.723766081871345,646.5876610039666,2.9000000000000004
0,10,3000,0.1,,,1.052211046218872,0.9938268661499023,0.6982913580246912,660.1273932693906,2.9000000000000004
0,10,3000,0.5,,,1.0578498840332031,1.0032246112823486,0.6104497777777778,684.3446642226253,2.9000000000000004
0,10,5000,0.01,,,2.9452009201049805,2.873389720916748,0.8267313131313131,678.4134896275114,2.9000000000000004
0,10,5000,0.05,,,2.8732492923736572,2.8446598052978516,0.7131797894736842,700.3827618035219,2.9000000000000004
0,10,5000,0.1,,,2.8718864917755127,2.8365399837493896,0.6748595555555554,694.6336597507947,2.9000000000000004
0,10,5000,0.5,,,2.871546506881714,2.8425850868225098,0.60374336,663.5681154317521,2.9000000000000004
0,10,7500,0.01,,,6.784722089767456,6.788116931915283,0.8395384960718295,693.0698300265002,2.9000000000000004
0,10,7500,0.05,,,6.730497360229492,6.682804346084595,0.7645788070175439,697.4855003086003,2.9000000000000004
0,10,7500,0.1,,,6.726372957229614,6.697617053985596,0.6965532839506173,680.3014034304082,2.9000000000000004
0,10,7500,0.5,,,6.79069709777832,6.769063949584961,0.6141116444444444,683.2383759632977,2.9000000000000004
0,10,10000,0.01,,,12.596147060394287,12.522865533828735,0.8233353535353536,715.709446470973,3.1
0,10,10000,0.05,,,12.597650289535522,12.58153772354126,0.7463661052631579,670.186688354559,3.1
0,10,10000,0.1,,,16.602832555770874,17.377835273742676,0.7213255555555556,703.4103574042434,3.1
0,10,10000,0.5,,,15.41396164894104,15.623710870742798,0.61916984,679.9581970989495,3.1
0,50,1000,0.01,,,0.21107149124145508,0.20490002632141113,0.6430303030303031,65667399044383.02,2.7
0,50,1000,0.05,,,0.19333910942077637,0.19501447677612305,0.6500210526315789,83610850436528.06,2.7
0,50,1000,0.1,,,0.21727466583251953,0.22060465812683105,0.6935888888888888,186616865132750.5,2.7
0,50,1000,0.5,,,0.1940603256225586,0.1765758991241455,0.58362,70915561737420.16,2.7
0,50,3000,0.01,,,2.128383159637451,1.982853889465332,0.7517957351290685,88777070380438.9,2.9000000000000004
0,50,3000,0.05,,,1.742497205734253,1.9409329891204834,0.6946783625730995,199809871020597.6,2.9000000000000004
0,50,3000,0.1,,,2.0372138023376465,1.9923148155212402,0.6653037037037037,144882043406942.72,2.9000000000000004
0,50,3000,0.5,,,2.029649019241333,2.1738076210021973,0.5894462222222223,126339969352812.56,2.9000000000000004
0,50,5000,0.01,,,5.538011789321899,5.444514989852905,0.7214020202020202,154560507860873.56,2.9000000000000004
0,50,5000,0.05,,,5.529186487197876,5.692835330963135,0.6990947368421053,95101896635445.31,2.9000000000000004
0,50,5000,0.1,,,5.759382247924805,5.6389405727386475,0.6633253333333334,67626171041532.47,2.9000000000000004
0,50,5000,0.5,,,5.427451133728027,5.718749523162842,0.59849344,187064523917995.47,2.9000000000000004
0,50,7500,0.01,,,30.652313947677612,24.525099277496338,0.7433912457912458,117480813903613.34,2.9000000000000004
0,50,7500,0.05,,,13.039304256439209,24.821857213974,0.7088149707602338,91893021478013.72,2.9000000000000004
0,50,7500,0.1,,,14.07778811454773,13.518149137496948,0.6537086419753086,221088571876875.25,2.9000000000000004
0,50,7500,0.5,,,42.340139865875244,38.82066488265991,0.6072988444444444,117999828845345.14,2.9000000000000004
0,50,10000,0.01,,,65.91604924201965,70.96394348144531,0.7412474747474747,152334739297379.06,3.1
0,50,10000,0.05,,,25.097275733947754,26.7839138507843,0.6894185263157894,76119989006715.2,3.1
0,50,10000,0.1,,,29.810404777526855,35.867711544036865,0.6468054444444444,126271264738009.38,3.1
0,50,10000,0.5,,,58.09022521972656,43.208757638931274,0.6149292799999999,165654058577166.94,3.1
1,1,1000,0.01,,,0.21832966804504395,0.12171125411987305,0.9975757575757576,0.291188147058161,2.7
1,1,1000,0.05,,,0.16645240783691406,0.12797784805297852,0.9850315789473685,0.2265178375380751,2.7
1,1,1000,0.1,,,0.17005252838134766,0.18552350997924805,0.9895555555555555,0.2593645943272348,2.7
1,1,1000,0.5,,,0.15199065208435059,0.12002801895141602,0.9976119999999999,0.278169756198176,2.7
1,1,3000,0.01,,,1.2373356819152832,1.0836782455444336,0.9948709315375982,0.19472543658296326,2.9000000000000004
1,1,3000,0.05,,,1.194509744644165,1.1106767654418945,0.9927555555555556,0.1486968417029984,2.9000000000000004
1,1,3000,0.1,,,1.0001325607299805,1.1195156574249268,0.9907864197530865,0.193120437112312,2.9000000000000004
1,1,3000,0.5,,,1.1919617652893066,1.0837383270263672,0.9981764444444444,0.15999918065850308,2.9000000000000004
1,1,5000,0.01,,,3.032188653945923,3.132246971130371,0.988549494949495,0.16009252727642914,2.9000000000000004
1,1,5000,0.05,,,2.870652675628662,2.788618326187134,0.9962088421052632,0.18422308517486602,2.9000000000000004
1,1,5000,0.1,,,3.072021961212158,3.089193105697632,0.9948435555555557,0.14348684895082367,2.9000000000000004
1,1,5000,0.5,,,3.220472574234009,3.0563249588012695,0.9978118400000001,0.14347815669021535,2.9000000000000004
1,1,7500,0.01,,,9.209450006484985,9.01792311668396,0.9923771043771044,0.10950093839075692,2.9000000000000004
1,1,7500,0.05,,,5.847493886947632,5.907330274581909,0.9912596959064328,0.11552227804007065,2.9000000000000004
1,1,7500,0.1,,,5.991189241409302,5.872484445571899,0.9972100740740741,0.12252279426341177,2.9000000000000004
1,1,7500,0.5,,,6.013185262680054,5.98008131980896,0.9996438044444445,0.11865893414897892,2.9000000000000004
1,1,10000,0.01,,,10.35439944267273,10.500789165496826,0.9941171717171716,0.10782072284586032,3.1
1,1,10000,0.05,,,10.338037490844727,10.243738651275635,0.9939404210526316,0.09346007826711983,3.1
1,1,10000,0.1,,,10.414403200149536,10.278370380401611,0.9957072222222223,0.11284265239473609,3.1
1,1,10000,0.5,,,10.339412689208984,10.28192687034607,0.9999312,0.10423567629407834,3.1
1,5,1000,0.01,,,0.15395355224609375,0.10830402374267578,0.8815151515151516,24.404430478188377,2.7
1,5,1000,0.05,,,0.12097001075744629,0.12379789352416992,0.7119368421052631,23.150877847085066,2.7
1,5,1000,0.1,,,0.15605378150939941,0.11234569549560547,0.7825111111111112,25.11414356785875,2.7
1,5,1000,0.5,,,0.1248023509979248,0.11736655235290527,0.6407959999999999,25.01636035571792,2.7
1,5,3000,0.01,,,1.0310089588165283,0.9839107990264893,0.9561167227833894,23.451693820725136,2.9000000000000004
1,5,3000,0.05,,,1.0569541454315186,0.9909236431121826,0.9022058479532163,23.317121185132148,2.9000000000000004
1,5,3000,0.1,,,1.0726497173309326,0.993720531463623,0.8064617283950617,22.255095871939996,2.9000000000000004
1,5,3000,0.5,,,1.04856538772583,0.9960095882415771,0.7335462222222222,23.016746161279684,2.9000000000000004
1,5,5000,0.01,,,2.886763334274292,3.0393495559692383,0.9724525252525252,21.815374702114966,2.9000000000000004
1,5,5000,0.05,,,2.910195827484131,2.855034112930298,0.9203082105263158,22.694507530386055,2.9000000000000004
1,5,5000,0.1,,,3.1427161693573,3.076813220977783,0.8736568888888888,22.140411046414886,2.9000000000000004
1,5,5000,0.5,,,2.9315409660339355,2.8787758350372314,0.76149632,21.88847446731966,2.9000000000000004
1,5,7500,0.01,,,6.647647857666016,6.704424858093262,0.9699393939393939,21.659929634192324,2.9000000000000004
1,5,7500,0.05,,,6.9523420333862305,6.846573829650879,0.9397206081871344,21.444293462695573,2.9000000000000004
1,5,7500,0.1,,,6.845511436462402,6.818177700042725,0.9125370864197531,21.79633255604327,2.9000000000000004
1,5,7500,0.5,,,6.841075420379639,6.817311525344849,0.8450595555555556,22.263445077865626,2.9000000000000004
1,5,10000,0.01,,,12.82718539237976,12.691248178482056,0.9763878787878788,21.563996660973242,3.1
1,5,10000,0.05,,,11.941298484802246,12.11695122718811,0.9343734736842104,20.845690643268554,3.1
1,5,10000,0.1,,,11.485111236572266,11.47290325164795,0.9255714444444444,21.422804364555585,3.1
1,5,10000,0.5,,,11.262423515319824,11.204127073287964,0.83813064,21.081014370102892,3.1
1,10,1000,0.01,,,0.165022611618042,0.10009241104125977,0.6540404040404041,623.1030007241918,2.7
1,10,1000,0.05,,,0.13281536102294922,0.11867642402648926,0.7288842105263158,635.501882521585,2.7
1,10,1000,0.1,,,0.16507315635681152,0.10182714462280273,0.6501666666666666,658.3736588094587,2.7
1,10,1000,0.5,,,0.16507554054260254,0.10280323028564453,0.641956,683.5819437374399,2.7
1,10,3000,0.01,,,1.0714035034179688,1.0076384544372559,0.8290123456790124,626.576179381845,2.9000000000000004
1,10,3000,0.05,,,1.0551230907440186,0.9940056800842285,0.7219181286549708,678.8181108899356,2.9000000000000004
1,10,3000,0.1,,,1.0499591827392578,0.9880332946777344,0.6647728395061728,686.1123886389418,2.9000000000000004
1,10,3000,0.5,,,1.0531208515167236,0.9909844398498535,0.591728,691.848291828985,2.9000000000000004
1,10,5000,0.01,,,2.8462159633636475,2.8076114654541016,0.8374626262626262,690.6456326997777,2.9000000000000004
1,10,5000,0.05,,,2.8561222553253174,2.8151421546936035,0.7206433684210526,675.1014512519666,2.9000000000000004
1,10,5000,0.1,,,3.0382025241851807,2.8158586025238037,0.7099755555555556,679.7249534630442,2.9000000000000004
1,10,5000,0.5,,,2.8471574783325195,2.81048321723938,0.6167364799999999,661.9346038179543,2.9000000000000004
1,10,7500,0.01,,,6.71526026725769,6.672106504440308,0.8092282828282829,661.2581974894515,2.9000000000000004
1,10,7500,0.05,,,6.747093915939331,6.717751741409302,0.740253567251462,676.0475454180043,2.9000000000000004
1,10,7500,0.1,,,7.140258312225342,7.216001510620117,0.7251816296296296,688.1355203668244,2.9000000000000004
1,10,7500,0.5,,,7.3177573680877686,7.810348033905029,0.6178708622222222,688.6236908171547,2.9000000000000004
1,10,10000,0.01,,,14.232279539108276,15.413978099822998,0.8146868686868688,681.3012388928336,3.1
1,10,10000,0.05,,,13.509947299957275,14.218006610870361,0.7472147368421053,672.3427683521102,3.1
1,10,10000,0.1,,,15.376818656921387,14.315846681594849,0.7154195555555556,692.7740147460905,3.1
1,10,10000,0.5,,,14.783511638641357,14.838205575942993,0.62999144,684.4657998911899,3.1
1,50,1000,0.01,,,0.17823481559753418,0.15848422050476074,0.7033333333333334,44705699472892.82,2.7
1,50,1000,0.05,,,0.17490625381469727,0.151228666305542,0.7637473684210526,116236053532832.95,2.7
1,50,1000,0.1,,,0.18061423301696777,0.1570901870727539,0.7064555555555556,290663662636727.44,2.7
1,50,1000,0.5,,,0.18068957328796387,0.15678906440734863,0.626196,68818754857988.38,2.7
1,50,3000,0.01,,,1.679351568222046,1.66685152053833,0.784702581369248,123981853376725.31,2.9000000000000004
1,50,3000,0.05,,,1.6804225444793701,1.6393039226531982,0.6838245614035088,96392963648331.1,2.9000000000000004
1,50,3000,0.1,,,1.788727045059204,1.6921803951263428,0.6651283950617284,128168273458564.14,2.9000000000000004
1,50,3000,0.5,,,1.6819489002227783,1.677781581878662,0.6167604444444444,54909416238918.14,2.9000000000000004
1,50,5000,0.01,,,4.708757638931274,4.681334495544434,0.7845333333333333,136052822504447.77,2.9000000000000004
1,50,5000,0.05,,,4.769359827041626,4.770548105239868,0.6713793684210526,93590666046982.45,2.9000000000000004
1,50,5000,0.1,,,4.923165798187256,4.900900840759277,0.6795733333333333,107992571632603.12,2.9000000000000004
1,50,5000,0.5,,,4.896295785903931,5.014077186584473,0.6136944,101145740879669.3,2.9000000000000004
1,50,7500,0.01,,,14.262521266937256,15.034186840057373,0.7458729517396184,179846566989430.34,2.9000000000000004
1,50,7500,0.05,,,11.765330791473389,11.96971344947815,0.6610402807017544,251786697420715.7,2.9000000000000004
1,50,7500,0.1,,,11.682880163192749,11.585631847381592,0.6575701728395061,160787293754109.75,2.9000000000000004
1,50,7500,0.5,,,11.82898759841919,12.628015756607056,0.59702336,93717751513125.17,2.9000000000000004
1,50,10000,0.01,,,25.736204385757446,24.06977915763855,0.7330878787878787,120036254592773.33,3.1
1,50,10000,0.05,,,21.22468400001526,26.740768909454346,0.7064953684210526,86328274970242.17,3.1
1,50,10000,0.1,,,26.252046585083008,21.97013759613037,0.6551747777777779,130480942468065.33,3.1
1,50,10000,0.5,,,21.835493564605713,23.189752101898193,0.60851724,234971167989258.1,3.1
2,1,1000,0.01,,,0.14808988571166992,0.11076974868774414,0.9895959595959596,0.2780500982213551,2.7
2,1,1000,0.05,,,0.14674639701843262,0.11264491081237793,0.9907157894736842,0.22629400489463553,2.7
2,1,1000,0.1,,,0.14325332641601562,0.13391685485839844,0.9816888888888888,0.2742035146288796,2.7
2,1,1000,0.5,,,0.13956999778747559,0.1278088092803955,0.9978560000000001,0.28760971114987033,2.7
2,1,3000,0.01,,,1.086876630783081,1.0845565795898438,0.9940404040404041,0.18855238939148738,2.9000000000000004
2,1,3000,0.05,,,0.9463982582092285,0.8639085292816162,0.9909333333333333,0.19940292955148511,2.9000000000000004
2,1,3000,0.1,,,0.9588494300842285,0.8848452568054199,0.9946481481481482,0.18145941635215726,2.9000000000000004
2,1,3000,0.5,,,0.9524586200714111,0.8697023391723633,0.998472888888889,0.17493075188222795,2.9000000000000004
2,1,5000,0.01,,,2.5772523880004883,2.527085542678833,0.989979797979798,0.1382161323733315,2.9000000000000004
2,1,5000,0.05,,,2.5891449451446533,2.5427603721618652,0.9933743157894737,0.14422721846377584,2.9000000000000004
2,1,5000,0.1,,,2.6733925342559814,2.649014949798584,0.9949524444444445,0.12949992549606903,2.9000000000000004
2,1,5000,0.5,,,2.6001439094543457,2.507115364074707,0.9986630400000001,0.14263720488207085,2.9000000000000004
2,1,7500,0.01,,,6.019254446029663,5.957979202270508,0.9922675645342313,0.12287890753961504,2.9000000000000004
2,1,7500,0.05,,,6.224287748336792,6.167658090591431,0.9945120935672515,0.08959723546885372,2.9000000000000004
2,1,7500,0.1,,,5.846662998199463,5.8016228675842285,0.9961321481481481,0.10940496197664716,2.9000000000000004
2,1,7500,0.5,,,5.758581638336182,5.719894886016846,0.9994494577777778,0.12526182387239088,2.9000000000000004
2,1,10000,0.01,,,10.211429119110107,10.007866621017456,0.9931424242424242,0.097835973696255,3.1
2,1,10000,0.05,,,11.345736503601074,10.94757080078125,0.9961075789473683,0.11480054987867497,3.1
2,1,10000,0.1,,,11.13673210144043,10.952478885650635,0.997597111111111,0.11563917785068449,3.1
2,1,10000,0.5,,,10.03834843635559,10.025097131729126,0.9991854400000001,0.10192744400091729,3.1
2,5,1000,0.01,,,0.16481232643127441,0.10879302024841309,0.8848484848484849,24.432594464414567,2.7
2,5,1000,0.05,,,0.1578216552734375,0.10942840576171875,0.7582947368421054,23.908997664405973,2.7
2,5,1000,0.1,,,0.15591764450073242,0.11079144477844238,0.7605222222222222,24.879141644123184,2.7
2,5,1000,0.5,,,0.1540844440460205,0.11282110214233398,0.631516,24.392437894885216,2.7
2,5,3000,0.01,,,1.0713324546813965,1.119466781616211,0.9697530864197531,22.39584239821154,2.9000000000000004
2,5,3000,0.05,,,1.0778329372406006,1.0048983097076416,0.8673426900584795,23.428805875060103,2.9000000000000004
2,5,3000,0.1,,,1.1253840923309326,1.0436851978302002,0.8200950617283951,23.423405798741484,2.9000000000000004
2,5,3000,0.5,,,1.0685546398162842,0.9987196922302246,0.7260715555555555,23.364848286943843,2.9000000000000004
2,5,5000,0.01,,,3.020827054977417,2.8731675148010254,0.9596606060606061,21.973036004681706,2.9000000000000004
2,5,5000,0.05,,,2.968522548675537,2.9200313091278076,0.9192783157894737,22.318701534457627,2.9000000000000004
2,5,5000,0.1,,,2.929917573928833,2.890547275543213,0.8874875555555555,22.260781534726423,2.9000000000000004
2,5,5000,0.5,,,3.4390218257904053,3.0926566123962402,0.7811569599999999,22.509583488402296,2.9000000000000004
2,5,7500,0.01,,,8.49250316619873,7.780887603759766,0.9708103254769922,21.427083454296287,2.9000000000000004
2,5,7500,0.05,,,7.441769123077393,7.921003103256226,0.9388436959064327,21.734994783901136,2.9000000000000004
2,5,7500,0.1,,,7.550670385360718,7.969101905822754,0.9126921481481481,21.551886722437878,2.9000000000000004
2,5,7500,0.5,,,7.471218585968018,7.406820058822632,0.8236596622222223,20.971460214914604,2.9000000000000004
2,5,10000,0.01,,,12.805183172225952,12.405713319778442,0.9758070707070708,21.167728995492503,3.1
2,5,10000,0.05,,,12.55871844291687,12.57189655303955,0.9397404210526316,20.952463535608455,3.1
2,5,10000,0.1,,,13.001659393310547,12.057483434677124,0.9232131111111112,21.531317287869705,3.1
2,5,10000,0.5,,,11.614487648010254,11.598933458328247,0.83580856,21.003937753018214,3.1
2,10,1000,0.01,,,0.16266345977783203,0.10319876670837402,0.6303030303030303,809.2529027988023,2.7
2,10,1000,0.05,,,0.1304926872253418,0.11909723281860352,0.7624631578947368,656.0288955544949,2.7
2,10,1000,0.1,,,0.13112497329711914,0.11933302879333496,0.6779111111111112,643.4470978878693,2.7
2,10,1000,0.5,,,0.1318202018737793,0.1188359260559082,0.5695520000000001,685.428734829365,2.7
2,10,3000,0.01,,,1.0908002853393555,1.0309832096099854,0.8342985409652077,694.6903135143644,2.9000000000000004
2,10,3000,0.05,,,1.0700879096984863,1.0114712715148926,0.7221847953216374,672.9447759741995,2.9000000000000004
2,10,3000,0.1,,,1.0708224773406982,1.0120506286621094,0.6704851851851853,661.3513175370877,2.9000000000000004
2,10,3000,0.5,,,1.1288704872131348,1.0840585231781006,0.6177448888888889,689.3986005981607,2.9000000000000004
2,10,5000,0.01,,,3.109293222427368,3.186047315597534,0.8230060606060606,693.8442367190141,2.9000000000000004
2,10,5000,0.05,,,3.179741621017456,3.209052324295044,0.7217717894736841,681.7756416891593,2.9000000000000004
2,10,5000,0.1,,,3.0645804405212402,3.0304300785064697,0.696807111111111,681.5736964476035,2.9000000000000004
2,10,5000,0.5,,,3.076251983642578,3.0599608421325684,0.6126712,646.9049216992282,2.9000000000000004
2,10,7500,0.01,,,7.306971788406372,7.33817195892334,0.8474127946127947,668.5103594733113,2.9000000000000004
2,10,7500,0.05,,,7.331421852111816,7.326456069946289,0.7867650994152047,678.2469352576977,2.9000000000000004
2,10,7500,0.1,,,7.438988447189331,7.588415861129761,0.7123638518518518,669.8867220529634,2.9000000000000004
2,10,7500,0.5,,,7.343634843826294,7.515585899353027,0.6121480533333333,705.1415965869136,2.9000000000000004
2,10,10000,0.01,,,14.343952655792236,13.834293842315674,0.8037959595959595,679.1984356329275,3.1
2,10,10000,0.05,,,15.614810943603516,14.870430707931519,0.740573052631579,670.5545782128797,3.1
2,10,10000,0.1,,,15.508909225463867,15.77318000793457,0.7083025555555555,672.3078172004062,3.1
2,10,10000,0.5,,,14.550654172897339,14.449815511703491,0.62421804,650.672346247139,3.1
2,50,1000,0.01,,,0.1715559959411621,0.16843032836914062,0.5898989898989899,92858446888274.2,2.7
2,50,1000,0.05,,,0.18757963180541992,0.16838431358337402,0.6416,68865469174798.58,2.7
2,50,1000,0.1,,,0.1912844181060791,0.17494893074035645,0.6603333333333334,67539660082697.41,2.7
2,50,1000,0.5,,,0.20595049858093262,0.18874669075012207,0.621896,93922287510533.81,2.7
2,50,3000,0.01,,,1.798767328262329,1.8159105777740479,0.7880134680134679,93056113937439.72,2.9000000000000004
2,50,3000,0.05,,,1.844587802886963,1.8972282409667969,0.6644327485380117,105292627179711.36,2.9000000000000004
2,50,3000,0.1,,,1.8185999393463135,1.8477778434753418,0.6659074074074073,85463115193122.64,2.9000000000000004
2,50,3000,0.5,,,1.8602869510650635,1.900817632675171,0.5937755555555556,166391034052704.94,2.9000000000000004
2,50,5000,0.01,,,5.908714771270752,5.214521169662476,0.7767232323232323,157133513866535.0,2.9000000000000004
2,50,5000,0.05,,,4.849381446838379,4.834731101989746,0.6750896842105263,126741606045798.55,2.9000000000000004
2,50,5000,0.1,,,5.270653009414673,5.0583579540252686,0.6675075555555556,133132346153713.45,2.9000000000000004
2,50,5000,0.5,,,5.099663257598877,5.2350709438323975,0.59670672,122051955946927.05,2.9000000000000004
2,50,7500,0.01,,,16.754122972488403,17.5495707988739,0.7501054994388329,96716007538819.22,2.9000000000000004
2,50,7500,0.05,,,12.872432231903076,13.82548999786377,0.6831423625730995,224232597114000.66,2.9000000000000004
2,50,7500,0.1,,,16.081119775772095,17.51764416694641,0.6332476049382716,127739114413099.66,2.9000000000000004
2,50,7500,0.5,,,18.471065998077393,17.011197090148926,0.60472128,102251358882129.78,2.9000000000000004
2,50,10000,0.01,,,22.58347511291504,24.806007146835327,0.7432949494949495,230004674348072.3,3.1
2,50,10000,0.05,,,44.08054733276367,47.3930184841156,0.6623498947368422,86871687736590.98,3.1
2,50,10000,0.1,,,38.31637692451477,33.598673582077026,0.6604868888888888,196365550172346.5,3.1
2,50,10000,0.5,,,20.353168725967407,21.228355407714844,0.61065528,117853554656720.48,3.1
3,1,1000,0.01,,,0.15428447723388672,0.10882711410522461,0.988989898989899,0.3283317700161048,2.7
3,1,1000,0.05,,,0.1539287567138672,0.11465930938720703,0.9817473684210527,0.260948305157643,2.7
3,1,1000,0.1,,,0.11878633499145508,0.11704730987548828,0.9861444444444445,0.18631288737121598,2.7
3,1,1000,0.5,,,0.14971470832824707,0.11489033699035645,0.997212,0.26781086885086325,2.7
3,1,3000,0.01,,,0.9638156890869141,0.8803300857543945,0.9870482603815938,0.18908089412048643,2.9000000000000004
3,1,3000,0.05,,,1.0133662223815918,0.9001274108886719,0.9923415204678362,0.18169753687967868,2.9000000000000004
3,1,3000,0.1,,,0.9704990386962891,0.8865671157836914,0.9950901234567902,0.19496906095077585,2.9000000000000004
3,1,3000,0.5,,,0.9705116748809814,0.8883271217346191,0.9995102222222222,0.15701929347088872,2.9000000000000004
3,1,5000,0.01,,,2.6555213928222656,2.508385419845581,0.9922989898989899,0.1442326340150257,2.9000000000000004
3,1,5000,0.05,,,2.599578619003296,2.6749958992004395,0.9917347368421052,0.11500144408042678,2.9000000000000004
3,1,5000,0.1,,,2.57163143157959,2.530588150024414,0.9967866666666667,0.16789768599330795,2.9000000000000004
3,1,5000,0.5,,,2.539851665496826,2.4853098392486572,0.9986803200000001,0.128391190752784,2.9000000000000004
3,1,7500,0.01,,,6.166200637817383,6.0569093227386475,0.9919802469135802,0.11678747786881347,2.9000000000000004
3,1,7500,0.05,,,5.880947589874268,5.959300518035889,0.994557380116959,0.12885955816988268,2.9000000000000004
3,1,7500,0.1,,,6.111189126968384,6.141528606414795,0.9969886419753087,0.10700699016625097,2.9000000000000004
3,1,7500,0.5,,,6.622137546539307,6.767857074737549,0.9997388088888889,0.1126708078570566,2.9000000000000004
3,1,10000,0.01,,,11.483592510223389,11.715259790420532,0.9910131313131313,0.11179745396543811,3.1
3,1,10000,0.05,,,11.501587629318237,10.962284326553345,0.9934275789473684,0.10190030521561509,3.1
3,1,10000,0.1,,,14.288442611694336,14.479525089263916,0.9958526666666666,0.12077795545222134,3.1
3,1,10000,0.5,,,12.043689012527466,12.263745069503784,0.99902848,0.13422281224402122,3.1
3,5,1000,0.01,,,0.1597146987915039,0.13308930397033691,0.854040404040404,25.421933701012453,2.7
3,5,1000,0.05,,,0.15437889099121094,0.11638307571411133,0.8455578947368421,23.087060536414008,2.7
3,5,1000,0.1,,,0.1829237937927246,0.12726712226867676,0.7762888888888888,22.511016809446716,2.7
3,5,1000,0.5,,,0.1596662998199463,0.11520552635192871,0.628092,24.27962554945109,2.7
3,5,3000,0.01,,,1.1706929206848145,1.1345617771148682,0.903490460157127,22.331085314126376,2.9000000000000004
3,5,3000,0.05,,,1.1808476448059082,1.0925557613372803,0.8790011695906432,22.656026316332067,2.9000000000000004
3,5,3000,0.1,,,1.2192187309265137,1.2130577564239502,0.8397814814814816,23.032955309452063,2.9000000000000004
3,5,3000,0.5,,,1.2367796897888184,1.268733263015747,0.7243799999999999,22.21283859109931,2.9000000000000004
3,5,5000,0.01,,,4.131449460983276,3.807236433029175,0.9682383838383838,22.44464078396049,2.9000000000000004
3,5,5000,0.05,,,3.80450177192688,3.500734567642212,0.9236488421052632,22.531281081937145,2.9000000000000004
3,5,5000,0.1,,,3.9040145874023438,3.6091558933258057,0.8780319999999999,22.673530598984872,2.9000000000000004
3,5,5000,0.5,,,4.335004091262817,3.8369147777557373,0.77837072,21.831414846470203,2.9000000000000004
3,5,7500,0.01,,,8.027640581130981,8.03051495552063,0.9816870931537598,21.14250666661552,2.9000000000000004
3,5,7500,0.05,,,7.206871509552002,7.150182485580444,0.9308204912280702,21.293217628976997,2.9000000000000004
3,5,7500,0.1,,,7.478402614593506,7.444438934326172,0.9104193580246912,21.64195213044995,2.9000000000000004
3,5,7500,0.5,,,8.730606317520142,8.58953070640564,0.8437561600000001,21.654656079952893,2.9000000000000004
3,5,10000,0.01,,,16.42475652694702,19.063832759857178,0.976761616161616,21.132703864829953,3.1
3,5,10000,0.05,,,16.976210832595825,15.86052656173706,0.9472924210526316,21.0356860687756,3.1
3,5,10000,0.1,,,16.352299690246582,15.280378818511963,0.927806111111111,21.434495715206896,3.1
3,5,10000,0.5,,,17.887376308441162,17.583128690719604,0.84676116,21.245969002354624,3.1
3,10,1000,0.01,,,0.1707136631011963,0.11118459701538086,0.6813131313131313,675.8046842788596,2.7
3,10,1000,0.05,,,0.2024519443511963,0.12320542335510254,0.6474105263157894,662.5248314494901,2.7
3,10,1000,0.1,,,0.16645359992980957,0.1145474910736084,0.6872444444444444,680.2649265164682,2.7
3,10,1000,0.5,,,0.17131352424621582,0.11033964157104492,0.5744959999999999,664.9043841044092,2.7
3,10,3000,0.01,,,1.1213054656982422,1.0652360916137695,0.8452413019079685,662.4142410103517,2.9000000000000004
3,10,3000,0.05,,,1.1480417251586914,1.1163702011108398,0.7309356725146199,711.3401676429442,2.9000000000000004
3,10,3000,0.1,,,1.1732566356658936,1.1154775619506836,0.7065765432098766,722.4353553219847,2.9000000000000004
3,10,3000,0.5,,,1.2126834392547607,1.1502501964569092,0.5860608888888889,658.1748223028147,2.9000000000000004
3,10,5000,0.01,,,3.301272392272949,3.321476697921753,0.8615515151515152,666.7351089221802,2.9000000000000004
3,10,5000,0.05,,,3.148780107498169,3.3016226291656494,0.7212850526315788,685.5650254030555,2.9000000000000004
3,10,5000,0.1,,,3.1898858547210693,3.3019845485687256,0.682844888888889,696.6224996065162,2.9000000000000004
3,10,5000,0.5,,,3.327230215072632,3.4052603244781494,0.6131971199999999,697.3032026368694,2.9000000000000004
3,10,7500,0.01,,,8.36109972000122,8.401137113571167,0.8388004489337823,658.151862373912,2.9000000000000004
3,10,7500,0.05,,,8.556694030761719,8.459712505340576,0.7223837192982455,683.9618788487752,2.9000000000000004
3,10,7500,0.1,,,8.220559120178223,8.176697731018066,0.7197993086419754,665.1040970108536,2.9000000000000004
3,10,7500,0.5,,,8.583940267562866,8.29983925819397,0.611173831111111,688.5567008168325,2.9000000000000004
3,10,10000,0.01,,,14.796197175979614,15.065041542053223,0.8609575757575757,669.9281833280289,3.1
3,10,10000,0.05,,,14.719610452651978,14.361672639846802,0.7536376842105263,700.6980006941495,3.1
3,10,10000,0.1,,,14.785892486572266,14.844806909561157,0.716353888888889,701.1614846046442,3.1
3,10,10000,0.5,,,15.102615594863892,15.337679862976074,0.62308224,697.8026464388058,3.1
3,50,1000,0.01,,,0.1766200065612793,0.15618157386779785,0.5875757575757576,77909894869407.52,2.7
3,50,1000,0.05,,,0.1716899871826172,0.15384149551391602,0.6604,149008687264119.47,2.7
3,50,1000,0.1,,,0.18419384956359863,0.1579303741455078,0.6417888888888889,78863257949274.03,2.7
3,50,1000,0.5,,,0.17452764511108398,0.1543591022491455,0.594784,118810669220787.05,2.7
3,50,3000,0.01,,,1.6310012340545654,1.6193571090698242,0.8025813692480359,344394041995005.25,2.9000000000000004
3,50,3000,0.05,,,1.873887538909912,1.7780616283416748,0.6665754385964913,238402933281244.72,2.9000000000000004
3,50,3000,0.1,,,1.669285774230957,1.659747838973999,0.6533592592592593,186723138046217.6,2.9000000000000004
3,50,3000,0.5,,,1.6874897480010986,1.6952147483825684,0.6166688888888889,128947482268786.69,2.9000000000000004
3,50,5000,0.01,,,4.731510400772095,4.889096021652222,0.7252161616161616,111985152887851.75,2.9000000000000004
3,50,5000,0.05,,,4.808191299438477,4.796627521514893,0.6996210526315789,93403761976274.58,2.9000000000000004
3,50,5000,0.1,,,4.771312236785889,4.934614658355713,0.6974942222222223,182435261934878.3,2.9000000000000004
3,50,5000,0.5,,,4.6747636795043945,4.654183626174927,0.6061961600000001,70316482556077.27,2.9000000000000004
3,50,7500,0.01,,,11.702234268188477,12.744303703308105,0.7588022446689113,86026896383386.62,2.9000000000000004
3,50,7500,0.05,,,10.92051386833191,10.903822422027588,0.6875572397660819,178788960109859.5,2.9000000000000004
3,50,7500,0.1,,,10.802548170089722,10.788486957550049,0.664644938271605,125520500281514.7,2.9000000000000004
3,50,7500,0.5,,,10.956051588058472,10.922238826751709,0.6000581688888889,108880296684434.5,2.9000000000000004
3,50,10000,0.01,,,19.104151964187622,19.090033292770386,0.7099515151515151,145622437466842.62,3.1
3,50,10000,0.05,,,20.12454867362976,19.40690302848816,0.6779029473684212,149565462545809.16,3.1
3,50,10000,0.1,,,19.0630202293396,19.137508392333984,0.6637122222222221,120819421399441.08,3.1
3,50,10000,0.5,,,18.96929621696472,19.01121497154236,0.59715272,141796698952133.6,3.1
4,1,1000,0.01,,,0.1496124267578125,0.10705399513244629,0.9836363636363636,0.24307468480158115,2.7
4,1,1000,0.05,,,0.1148843765258789,0.11258196830749512,0.9945052631578948,0.3233795465820814,2.7
4,1,1000,0.1,,,0.1427311897277832,0.11127567291259766,0.9937111111111111,0.2903616473130244,2.7
4,1,1000,0.5,,,0.11349368095397949,0.11056828498840332,0.9988239999999999,0.2799230060614141,2.7
4,1,3000,0.01,,,0.8949482440948486,0.8230757713317871,0.9908641975308642,0.18625759338340295,2.9000000000000004
4,1,3000,0.05,,,0.9264166355133057,0.8436160087585449,0.9910409356725147,0.17762325081407038,2.9000000000000004
4,1,3000,0.1,,,0.9213771820068359,0.838580846786499,0.9937641975308642,0.1756714429069594,2.9000000000000004
4,1,3000,0.5,,,0.9087800979614258,0.8221640586853027,0.9933675555555556,0.18420004985238794,2.9000000000000004
4,1,5000,0.01,,,2.427006244659424,2.3570938110351562,0.9940767676767677,0.1464309420244027,2.9000000000000004
4,1,5000,0.05,,,2.425401210784912,2.36296010017395,0.9942307368421053,0.13444300232553374,2.9000000000000004
4,1,5000,0.1,,,2.433436632156372,2.403036117553711,0.9950631111111111,0.12968547827966656,2.9000000000000004
4,1,5000,0.5,,,2.4176723957061768,2.3647572994232178,0.99651296,0.12856622393665226,2.9000000000000004
4,1,7500,0.01,,,5.602281332015991,5.5449748039245605,0.9904466891133558,0.11947483571883374,2.9000000000000004
4,1,7500,0.05,,,5.627094268798828,5.612864971160889,0.9937122807017543,0.11237231677257957,2.9000000000000004
4,1,7500,0.1,,,6.046347379684448,5.96826696395874,0.996436938271605,0.11909623775082286,2.9000000000000004
4,1,7500,0.5,,,6.439987897872925,6.393587112426758,0.9999579022222221,0.12164263511034339,2.9000000000000004
4,1,10000,0.01,,,11.047059059143066,11.079773187637329,0.9928464646464646,0.137985491923907,3.1
4,1,10000,0.05,,,10.432180881500244,10.432777881622314,0.993801894736842,0.11419755125958847,3.1
4,1,10000,0.1,,,11.473319292068481,11.249977827072144,0.9950497777777777,0.09770264576726183,3.1
4,1,10000,0.5,,,11.759471654891968,11.595593214035034,0.9997898799999999,0.1009978827389364,3.1
4,5,1000,0.01,,,0.1700897216796875,0.11313629150390625,0.8614141414141414,24.16713604543052,2.7
4,5,1000,0.05,,,0.16986966133117676,0.12197089195251465,0.7433473684210526,22.944942537226492,2.7
4,5,1000,0.1,,,0.1633598804473877,0.12002110481262207,0.7340222222222222,23.97684853895682,2.7
4,5,1000,0.5,,,0.16835451126098633,0.12043237686157227,0.6864520000000001,23.402218438496725,2.7
4,5,3000,0.01,,,1.2562355995178223,1.1811797618865967,0.9479124579124578,23.00197100177329,2.9000000000000004
4,5,3000,0.05,,,1.2647819519042969,1.1483314037322998,0.8695368421052632,23.753148965087718,2.9000000000000004
4,5,3000,0.1,,,1.2173824310302734,1.1376750469207764,0.848962962962963,24.259476402744543,2.9000000000000004
4,5,3000,0.5,,,1.2846112251281738,1.2638061046600342,0.7200248888888889,23.02510690155279,2.9000000000000004
4,5,5000,0.01,,,3.49519681930542,3.3462111949920654,0.9519434343434343,22.32199329484312,2.9000000000000004
4,5,5000,0.05,,,3.436741828918457,3.321732521057129,0.9126021052631579,22.733092494544206,2.9000000000000004
4,5,5000,0.1,,,3.3657054901123047,3.2889785766601562,0.8838168888888889,22.47733825527881,2.9000000000000004
4,5,5000,0.5,,,3.193988800048828,3.243558883666992,0.79531872,21.34939614243229,2.9000000000000004
4,5,7500,0.01,,,7.810033321380615,7.818234205245972,0.9629306397306397,21.04048328473197,2.9000000000000004
4,5,7500,0.05,,,7.673101902008057,7.4804511070251465,0.9269943391812866,21.399537237826767,2.9000000000000004
4,5,7500,0.1,,,7.744093179702759,7.626384496688843,0.9145175308641975,20.95615303592478,2.9000000000000004
4,5,7500,0.5,,,7.325017213821411,7.427154779434204,0.8278742044444445,21.62875873524875,2.9000000000000004
4,5,10000,0.01,,,13.756300687789917,13.634045600891113,0.977819191919192,21.036400969821685,3.1
4,5,10000,0.05,,,12.118410110473633,12.274158239364624,0.9447555789473683,20.927708438081055,3.1
4,5,10000,0.1,,,12.979474067687988,12.822048902511597,0.9121043333333333,21.204112542285,3.1
4,5,10000,0.5,,,12.028384923934937,11.828976392745972,0.84925936,21.318541866143637,3.1
4,10,1000,0.01,,,0.16825532913208008,0.1090538501739502,0.8455555555555556,653.6199429519589,2.7
4,10,1000,0.05,,,0.17075085639953613,0.10842370986938477,0.7437473684210526,722.4067305566022,2.7
4,10,1000,0.1,,,0.1387186050415039,0.12133526802062988,0.6284666666666666,670.2173517064504,2.7
4,10,1000,0.5,,,0.1700434684753418,0.10832476615905762,0.607744,648.3913412940384,2.7
4,10,3000,0.01,,,1.1311578750610352,1.0850999355316162,0.7746015712682379,662.1572201193538,2.9000000000000004
4,10,3000,0.05,,,1.1284904479980469,1.100226879119873,0.7773684210526315,691.3556121484074,2.9000000000000004
4,10,3000,0.1,,,1.1459259986877441,1.0880444049835205,0.6806481481481481,672.4328537058615,2.9000000000000004
4,10,3000,0.5,,,1.132042646408081,1.0805530548095703,0.6026448888888889,711.7383934357324,2.9000000000000004
4,10,5000,0.01,,,3.078788995742798,3.040724515914917,0.8804444444444444,696.746657571055,2.9000000000000004
4,10,5000,0.05,,,3.224097490310669,3.200568675994873,0.7345313684210527,692.0501229771527,2.9000000000000004
4,10,5000,0.1,,,3.050391435623169,3.0197370052337646,0.7030826666666665,673.2947496577169,2.9000000000000004
4,10,5000,0.5,,,3.2811577320098877,3.2175824642181396,0.60928976,664.8270058513908,2.9000000000000004
4,10,7500,0.01,,,7.842473268508911,7.856172561645508,0.8629315375982043,670.6656432265165,2.9000000000000004
4,10,7500,0.05,,,7.281961441040039,7.28481912612915,0.7497412865497076,658.5884319982403,2.9000000000000004
4,10,7500,0.1,,,7.725402593612671,7.75250506401062,0.702274962962963,706.4380652700922,2.9000000000000004
4,10,7500,0.5,,,7.665153503417969,7.603865146636963,0.6169301333333332,674.619342124048,2.9000000000000004
4,10,10000,0.01,,,13.649734020233154,13.596058130264282,0.8783626262626262,701.5174390408389,3.1
4,10,10000,0.05,,,13.680937051773071,13.545382976531982,0.7361136842105264,686.2338044045605,3.1
4,10,10000,0.1,,,13.522913455963135,13.73355484008789,0.7045174444444444,682.9350376025229,3.1
4,10,10000,0.5,,,14.673518180847168,14.464012145996094,0.60422416,677.2144393755735,3.1
4,50,1000,0.01,,,0.1800854206085205,0.164290189743042,0.9195959595959595,76958554210835.42,2.7
4,50,1000,0.05,,,0.18009495735168457,0.1583108901977539,0.7519789473684211,109927605495745.34,2.7
4,50,1000,0.1,,,0.17820000648498535,0.16981911659240723,0.6321111111111112,81092205928005.92,2.7
4,50,1000,0.5,,,0.1914052963256836,0.1682429313659668,0.577812,106078063980128.56,2.7
4,50,3000,0.01,,,1.8359079360961914,1.8612489700317383,0.7377328843995511,102365914738263.94,2.9000000000000004
4,50,3000,0.05,,,1.6784040927886963,1.6732251644134521,0.6433029239766082,214968615908468.78,2.9000000000000004
4,50,3000,0.1,,,1.9184911251068115,1.7369937896728516,0.6441037037037037,171344981445210.6,2.9000000000000004
4,50,3000,0.5,,,1.6484653949737549,1.6369829177856445,0.6021977777777778,128932601514683.22,2.9000000000000004
4,50,5000,0.01,,,4.9433324337005615,4.82808256149292,0.6981818181818182,93605602629982.19,2.9000000000000004
4,50,5000,0.05,,,5.133223295211792,5.0422892570495605,0.6746576842105263,136587269914460.92,2.9000000000000004
4,50,5000,0.1,,,5.085617780685425,4.961296558380127,0.6518257777777777,85618144858222.12,2.9000000000000004
4,50,5000,0.5,,,4.804149150848389,4.797423601150513,0.61274208,102771481312460.89,2.9000000000000004
4,50,7500,0.01,,,11.459317445755005,11.709708213806152,0.7485773288439955,203207372950618.03,2.9000000000000004
4,50,7500,0.05,,,11.848290920257568,11.898121118545532,0.6789045146198831,152632863081614.03,2.9000000000000004
4,50,7500,0.1,,,11.797877311706543,11.74860167503357,0.6676057283950616,203533040542403.0,2.9000000000000004
4,50,7500,0.5,,,12.021138191223145,11.594245433807373,0.6132859733333332,128148277935358.56,2.9000000000000004
4,50,10000,0.01,,,23.11595630645752,22.1263267993927,0.7180959595959595,226226581916608.9,3.1
4,50,10000,0.05,,,21.908770322799683,21.141089916229248,0.6844227368421053,183818888775048.28,3.1
4,50,10000,0.1,,,20.02770972251892,19.069791555404663,0.6606572222222222,137504903690324.36,3.1
4,50,10000,0.5,,,19.707309007644653,19.116815090179443,0.59769392,136892796534003.66,3.1
5,1,1000,0.01,,,0.15024280548095703,0.12776827812194824,0.9750505050505051,0.235634744496606,2.7
5,1,1000,0.05,,,0.15899014472961426,0.16688084602355957,0.9837894736842105,0.3259409266734929,2.7
5,1,1000,0.1,,,0.14261889457702637,0.16425347328186035,0.9895,0.23577927887939348,2.7
5,1,1000,0.5,,,0.16071510314941406,0.12507891654968262,0.977768,0.2842040121956714,2.7
5,1,3000,0.01,,,1.2670772075653076,1.1436190605163574,0.9938047138047138,0.15355172857092603,2.9000000000000004
5,1,3000,0.05,,,1.2535831928253174,1.0947229862213135,0.9910690058479532,0.2301062890232359,2.9000000000000004
5,1,3000,0.1,,,1.2610464096069336,1.1546962261199951,0.9945111111111111,0.1952996542995292,2.9000000000000004
5,1,3000,0.5,,,1.09666109085083,1.1101021766662598,0.9978266666666668,0.1749247608802312,2.9000000000000004
5,1,5000,0.01,,,2.794100284576416,2.77370285987854,0.9919313131313131,0.13346125953401958,2.9000000000000004
5,1,5000,0.05,,,3.2793328762054443,3.3220441341400146,0.9928614736842105,0.1782234995452739,2.9000000000000004
5,1,5000,0.1,,,2.893066883087158,2.8964953422546387,0.9948284444444444,0.15942138133082645,2.9000000000000004
5,1,5000,0.5,,,2.926431179046631,3.038489818572998,0.9976705600000001,0.1529278392941643,2.9000000000000004
5,1,7500,0.01,,,8.81128191947937,7.601353168487549,0.9958590347923681,0.11127530752140029,2.9000000000000004
5,1,7500,0.05,,,6.668910503387451,6.462926626205444,0.992814783625731,0.1197604815293372,2.9000000000000004
5,1,7500,0.1,,,7.639304876327515,7.569024324417114,0.9965503209876543,0.13291937865181638,2.9000000000000004
5,1,7500,0.5,,,7.745706081390381,7.574080228805542,0.9936667022222223,0.15977403380790559,2.9000000000000004
5,1,10000,0.01,,,13.789999723434448,12.718189477920532,0.9908414141414141,0.1090472396729439,3.1
5,1,10000,0.05,,,11.192688465118408,10.578098773956299,0.9945827368421053,0.08437573729939958,3.1
5,1,10000,0.1,,,13.116680145263672,12.84253740310669,0.9961743333333334,0.11633089224960097,3.1
5,1,10000,0.5,,,12.114628791809082,11.452690124511719,0.99909056,0.12768567052034346,3.1
5,5,1000,0.01,,,0.12490963935852051,0.12681865692138672,0.9123232323232323,25.24554432868112,2.7
5,5,1000,0.05,,,0.15972161293029785,0.11197090148925781,0.8248000000000001,23.570227006611564,2.7
5,5,1000,0.1,,,0.1620042324066162,0.11620521545410156,0.683011111111111,23.635087536944578,2.7
5,5,1000,0.5,,,0.16106367111206055,0.1125342845916748,0.6163399999999999,24.927450013557454,2.7
5,5,3000,0.01,,,1.1468486785888672,1.096404790878296,0.9502132435465769,22.475963811488395,2.9000000000000004
5,5,3000,0.05,,,1.1791582107543945,0.9994580745697021,0.861480701754386,22.77120700438713,2.9000000000000004
5,5,3000,0.1,,,1.1251590251922607,1.0946578979492188,0.8353592592592592,23.21020465059818,2.9000000000000004
5,5,3000,0.5,,,1.089271068572998,1.0248656272888184,0.7095786666666667,22.664643757850055,2.9000000000000004
5,5,5000,0.01,,,3.0346951484680176,3.0180740356445312,0.9655919191919191,21.972422611069312,2.9000000000000004
5,5,5000,0.05,,,3.1407952308654785,3.214040517807007,0.9095873684210527,21.505408528019508,2.9000000000000004
5,5,5000,0.1,,,2.9247257709503174,3.0489273071289062,0.883472,22.292362212734474,2.9000000000000004
5,5,5000,0.5,,,3.2811203002929688,3.213387966156006,0.7809726400000001,22.83631895212938,2.9000000000000004
5,5,7500,0.01,,,7.219353914260864,7.153995513916016,0.9711263748597081,20.905080117869232,2.9000000000000004
5,5,7500,0.05,,,7.511862754821777,7.346805095672607,0.9392557660818713,21.393717305180946,2.9000000000000004
5,5,7500,0.1,,,7.460123777389526,7.221781492233276,0.9164833580246914,21.857562446298406,2.9000000000000004
5,5,7500,0.5,,,7.54469108581543,7.530800819396973,0.84889664,21.78838996592655,2.9000000000000004
5,5,10000,0.01,,,14.586728572845459,13.914590835571289,0.975340404040404,21.018951903922403,3.1
5,5,10000,0.05,,,13.228636026382446,13.480154037475586,0.94096,21.021890821800007,3.1
5,5,10000,0.1,,,12.974233627319336,12.864694833755493,0.9229402222222222,21.031168937086502,3.1
5,5,10000,0.5,,,13.134917259216309,13.122881889343262,0.8570506,21.192388281789324,3.1
5,10,1000,0.01,,,0.16492033004760742,0.12969756126403809,0.853939393939394,694.8279080747882,2.7
5,10,1000,0.05,,,0.16235947608947754,0.11266899108886719,0.7723578947368421,707.2825351223605,2.7
5,10,1000,0.1,,,0.17168498039245605,0.11140727996826172,0.6270111111111111,544.51815627029,2.7
5,10,1000,0.5,,,0.1719987392425537,0.13706398010253906,0.600292,687.8757665109708,2.7
5,10,3000,0.01,,,1.2123258113861084,1.138310194015503,0.794949494949495,699.5812050570427,2.9000000000000004
5,10,3000,0.05,,,1.2104170322418213,1.172598123550415,0.7176912280701755,677.0485803129415,2.9000000000000004
5,10,3000,0.1,,,1.1925415992736816,1.1283557415008545,0.6971901234567901,611.3110105147107,2.9000000000000004
5,10,3000,0.5,,,1.1785533428192139,1.121645212173462,0.5920822222222222,707.8976705617604,2.9000000000000004
5,10,5000,0.01,,,3.1987195014953613,3.243180751800537,0.8114626262626263,668.7841480328038,2.9000000000000004
5,10,5000,0.05,,,3.4266514778137207,3.257845640182495,0.766656,660.3949672882875,2.9000000000000004
5,10,5000,0.1,,,3.343184471130371,3.3428051471710205,0.7100288888888888,710.7103510758914,2.9000000000000004
5,10,5000,0.5,,,3.420342445373535,3.4231836795806885,0.59655616,713.6839835441291,2.9000000000000004
5,10,7500,0.01,,,8.25654673576355,8.052165031433105,0.8419016835016836,695.4347126137963,2.9000000000000004
5,10,7500,0.05,,,8.355010271072388,8.03922438621521,0.7415848421052632,702.8964562739043,2.9000000000000004
5,10,7500,0.1,,,8.090178728103638,8.390383243560791,0.7144375308641975,684.3888955973172,2.9000000000000004
5,10,7500,0.5,,,7.739209175109863,8.001421689987183,0.6102518755555556,671.3879245493148,2.9000000000000004
5,10,10000,0.01,,,19.09651517868042,14.922484636306763,0.8124515151515153,687.4011069033694,3.1
5,10,10000,0.05,,,22.6850688457489,20.880443334579468,0.7744797894736841,661.1197013366785,3.1
5,10,10000,0.1,,,17.163219213485718,17.75920081138611,0.7208734444444445,681.1425601159141,3.1
5,10,10000,0.5,,,17.452399492263794,17.46064281463623,0.62523548,688.320867442701,3.1
5,50,1000,0.01,,,0.22594356536865234,0.2081921100616455,0.8439393939393939,65947568075388.66,2.7
5,50,1000,0.05,,,0.23343348503112793,0.21674060821533203,0.7331368421052631,82210561873310.72,2.7
5,50,1000,0.1,,,0.2639963626861572,0.24442839622497559,0.6478666666666668,74502787380142.81,2.7
5,50,1000,0.5,,,0.2193002700805664,0.21361017227172852,0.595464,96635712531205.1,2.7
5,50,3000,0.01,,,2.283961772918701,2.157439708709717,0.7186195286195286,168601082673544.9,2.9000000000000004
5,50,3000,0.05,,,2.2694151401519775,2.2521119117736816,0.6904163742690058,122332176563973.27,2.9000000000000004
5,50,3000,0.1,,,2.07625412940979,2.125812530517578,0.6449987654320988,115785664219418.11,2.9000000000000004
5,50,3000,0.5,,,1.905261516571045,1.8769848346710205,0.5971995555555556,124481698474466.52,2.9000000000000004
5,50,5000,0.01,,,6.395135879516602,6.584961414337158,0.7355838383838383,89232862195788.92,2.9000000000000004
5,50,5000,0.05,,,5.704012632369995,5.655478000640869,0.6769903157894737,76539435577117.56,2.9000000000000004
5,50,5000,0.1,,,6.434126138687134,6.55277156829834,0.6594942222222222,97364401076405.06,2.9000000000000004
5,50,5000,0.5,,,6.0013041496276855,5.906534194946289,0.59503072,156830058437211.6,2.9000000000000004
5,50,7500,0.01,,,18.704577207565308,18.712822198867798,0.7405360269360269,204090287210542.1,2.9000000000000004
5,50,7500,0.05,,,13.697953224182129,13.05556607246399,0.6765720701754386,237292254095385.97,2.9000000000000004
5,50,7500,0.1,,,30.508182764053345,19.337568521499634,0.6585147654320989,113478925395169.19,2.9000000000000004
5,50,7500,0.5,,,17.06102418899536,36.853423833847046,0.6084006399999999,176534613537286.22,2.9000000000000004
5,50,10000,0.01,,,88.6715235710144,92.45515036582947,0.7733535353535352,150341915869059.6,3.1
5,50,10000,0.05,,,57.65954542160034,38.97735810279846,0.6935431578947369,256082138880678.6,3.1
5,50,10000,0.1,,,44.24777126312256,38.24982500076294,0.6376236666666667,110654345999196.9,3.1
5,50,10000,0.5,,,33.61383652687073,28.02190899848938,0.61520972,200257682853538.44,3.1
6,1,1000,0.01,,,0.15522432327270508,0.11184048652648926,0.9902020202020202,0.2710647319149241,2.7
6,1,1000,0.05,,,0.15168190002441406,0.1168055534362793,0.9912842105263158,0.305036737179926,2.7
6,1,1000,0.1,,,0.15375328063964844,0.11418652534484863,0.9897777777777778,0.25034785082086247,2.7
6,1,1000,0.5,,,0.20058226585388184,0.09447431564331055,0.98392,0.273474633039245,2.7
6,1,3000,0.01,,,0.9803709983825684,0.9542784690856934,0.9949270482603816,0.20371434936934157,2.9000000000000004
6,1,3000,0.05,,,0.991002082824707,0.9312944412231445,0.9884163742690059,0.19819653161119216,2.9000000000000004
6,1,3000,0.1,,,0.9570751190185547,0.8877036571502686,0.993283950617284,0.1832820971262525,2.9000000000000004
6,1,3000,0.5,,,0.9860947132110596,0.9304358959197998,0.9964177777777778,0.21823206475055856,2.9000000000000004
6,1,5000,0.01,,,2.7721076011657715,2.7718076705932617,0.994080808080808,0.154141519944428,2.9000000000000004
6,1,5000,0.05,,,2.739989995956421,2.674344539642334,0.9936134736842105,0.15387847980079458,2.9000000000000004
6,1,5000,0.1,,,2.665905475616455,2.9760677814483643,0.9946693333333334,0.14110145930854434,2.9000000000000004
6,1,5000,0.5,,,2.7967379093170166,2.7327017784118652,0.9993417600000001,0.13229672180141944,2.9000000000000004
6,1,7500,0.01,,,6.433728933334351,6.356271982192993,0.9934742985409651,0.11424136066427625,2.9000000000000004
6,1,7500,0.05,,,6.8982439041137695,6.395357370376587,0.9942613333333334,0.14325372551516694,2.9000000000000004
6,1,7500,0.1,,,6.894474029541016,6.616044044494629,0.9971571358024692,0.13259742866402205,2.9000000000000004
6,1,7500,0.5,,,6.647527456283569,6.482853889465332,0.9979444622222223,0.12290162343533645,2.9000000000000004
6,1,10000,0.01,,,11.344401836395264,11.468289852142334,0.9927363636363636,0.11553990424258227,3.1
6,1,10000,0.05,,,12.015249490737915,11.69491720199585,0.9950221052631579,0.10923561780371258,3.1
6,1,10000,0.1,,,10.523740768432617,10.47045087814331,0.9952288888888888,0.09040814539377177,3.1
6,1,10000,0.5,,,10.866086959838867,10.76306676864624,0.99913012,0.09829274777659684,3.1
6,5,1000,0.01,,,0.16053199768066406,0.10979151725769043,0.8361616161616161,25.26196478173445,2.7
6,5,1000,0.05,,,0.16188263893127441,0.11342239379882812,0.7161263157894737,24.205250261399406,2.7
6,5,1000,0.1,,,0.16160178184509277,0.11265254020690918,0.7129999999999999,24.15813417306902,2.7
6,5,1000,0.5,,,0.15784764289855957,0.11266374588012695,0.594044,23.22141302997659,2.7
6,5,3000,0.01,,,1.0683197975158691,0.9953749179840088,0.9520875420875421,23.074283515994438,2.9000000000000004
6,5,3000,0.05,,,1.2109274864196777,1.021216869354248,0.8538502923976609,22.47730385210289,2.9000000000000004
6,5,3000,0.1,,,1.3297650814056396,1.072171926498413,0.8396851851851853,22.786565620901726,2.9000000000000004
6,5,3000,0.5,,,1.0765774250030518,1.0065302848815918,0.7524902222222223,24.081010416443256,2.9000000000000004
6,5,5000,0.01,,,2.9753406047821045,2.9047603607177734,0.9695717171717172,22.751094217106285,2.9000000000000004
6,5,5000,0.05,,,2.934907913208008,3.0386223793029785,0.9204766315789473,21.649485615863696,2.9000000000000004
6,5,5000,0.1,,,2.969282627105713,3.0570566654205322,0.8848973333333333,22.38831986594006,2.9000000000000004
6,5,5000,0.5,,,3.13861346244812,3.0705456733703613,0.78475696,21.632437395827004,2.9000000000000004
6,5,7500,0.01,,,12.116894483566284,12.743115663528442,0.9716794612794613,21.282966487625785,2.9000000000000004
6,5,7500,0.05,,,11.726944208145142,11.984865427017212,0.933597192982456,21.277970732866116,2.9000000000000004
6,5,7500,0.1,,,18.718937397003174,15.040719985961914,0.9062812839506172,21.256725045081453,2.9000000000000004
6,5,7500,0.5,,,11.20395803451538,11.374745607376099,0.8273192533333333,21.102498226174365,2.9000000000000004
6,5,10000,0.01,,,27.032007217407227,28.53466248512268,0.9706878787878788,20.91034644623901,3.1
6,5,10000,0.05,,,26.218260288238525,21.988548040390015,0.9408770526315791,21.04273325044723,3.1
6,5,10000,0.1,,,19.036420106887817,17.576605558395386,0.9184541111111111,20.980579227431956,3.1
6,5,10000,0.5,,,16.35639524459839,16.35126805305481,0.8627378000000001,21.76467477468655,3.1
6,10,1000,0.01,,,0.2279665470123291,0.20325088500976562,0.795959595959596,643.6264816559294,2.7
6,10,1000,0.05,,,0.20638442039489746,0.1849355697631836,0.7942315789473684,710.4258035023385,2.7
6,10,1000,0.1,,,0.26004624366760254,0.21880507469177246,0.738288888888889,689.9300125918468,2.7
6,10,1000,0.5,,,0.2450113296508789,0.24084806442260742,0.595876,695.20220022429,2.7
6,10,3000,0.01,,,2.124086856842041,2.0478038787841797,0.7952525252525253,687.1564197765239,2.9000000000000004
6,10,3000,0.05,,,1.8639318943023682,1.7521779537200928,0.7195134502923977,644.1408299189345,2.9000000000000004
6,10,3000,0.1,,,1.847421407699585,1.6631739139556885,0.6820259259259259,683.9278750842115,2.9000000000000004
6,10,3000,0.5,,,1.7236807346343994,1.7176084518432617,0.6046244444444444,703.0651145938514,2.9000000000000004
6,10,5000,0.01,,,4.620665550231934,5.005989074707031,0.8417373737373737,671.8030058115135,2.9000000000000004
6,10,5000,0.05,,,4.522382974624634,4.7804272174835205,0.7186972631578947,665.4852968819384,2.9000000000000004
6,10,5000,0.1,,,4.0506744384765625,4.083859443664551,0.6987346666666666,679.3942837456576,2.9000000000000004
6,10,5000,0.5,,,5.517768621444702,5.980243682861328,0.6084672,699.4751139738285,2.9000000000000004
6,10,7500,0.01,,,10.661011457443237,11.357328176498413,0.8110258136924804,670.8410786218735,2.9000000000000004
6,10,7500,0.05,,,16.201470136642456,18.385364532470703,0.7347892397660819,678.528514646039,2.9000000000000004
6,10,7500,0.1,,,12.88789677619934,12.678738832473755,0.6921250370370371,675.1237665126187,2.9000000000000004
6,10,7500,0.5,,,14.022092819213867,16.572913885116577,0.6163169422222223,660.0221838086701,2.9000000000000004
